1,Insertion Sort,Testset,0,0,0,true
2,Insertion Sort,Testset,1,0,0,true
3,Insertion Sort,Testset,1,0,1,true
4,Insertion Sort,Testset,2,0,1,true
5,Insertion Sort,Testset,3,0,1,true
6,Insertion Sort,Testset,3,0,2,true
7,Insertion Sort,Testset,3,0,3,true
8,Insertion Sort,Testset,3,1,2,true
9,Insertion Sort,Testset,3,1,3,true
10,Insertion Sort,Testset,3,2,3,true
11,Insertion Sort,Testset,8,0,0,true
12,Insertion Sort,Testset,8,0,1,true
13,Insertion Sort,Testset,8,0,2,true
14,Insertion Sort,Testset,8,0,3,true
15,Insertion Sort,Testset,8,0,4,true
16,Insertion Sort,Testset,8,1,1,true
17,Insertion Sort,Testset,8,1,2,true
18,Insertion Sort,Testset,8,1,3,true
19,Insertion Sort,Testset,8,1,4,true
20,Insertion Sort,Testset,8,0,8,true
21,Insertion Sort,Testset,8,0,7,true
22,Insertion Sort,Testset,8,1,8,true
23,Insertion Sort,Testset,8,1,7,true
24,Insertion Sort,Testset,8,2,7,true
25,Insertion Sort,Testset,8,2,8,true
26,Insertion Sort,Testset,8,3,6,true
27,Insertion Sort,Testset,8,3,7,true
28,Insertion Sort,Testset,8,3,8,true
29,Insertion Sort,Testset,8,4,8,true
30,Insertion Sort,Testset,8,5,8,true
31,Insertion Sort,Testset,8,6,8,true
32,Insertion Sort,Testset,8,7,8,true
33,Insertion Sort,Testset,8,8,8,true
34,Insertion Sort,Testset,0,0,0,false
35,Insertion Sort,Testset,1,0,0,false
36,Insertion Sort,Testset,1,0,1,false
37,Insertion Sort,Testset,2,0,1,false
38,Insertion Sort,Testset,3,0,1,false
39,Insertion Sort,Testset,3,0,2,false
40,Insertion Sort,Testset,3,0,3,false
41,Insertion Sort,Testset,3,1,2,false
42,Insertion Sort,Testset,3,1,3,false
43,Insertion Sort,Testset,3,2,3,false
44,Insertion Sort,Testset,8,0,0,false
45,Insertion Sort,Testset,8,0,1,false
46,Insertion Sort,Testset,8,0,2,false
47,Insertion Sort,Testset,8,0,3,false
48,Insertion Sort,Testset,8,0,4,false
49,Insertion Sort,Testset,8,1,1,false
50,Insertion Sort,Testset,8,1,2,false
51,Insertion Sort,Testset,8,1,3,false
52,Insertion Sort,Testset,8,1,4,false
53,Insertion Sort,Testset,8,0,8,false
54,Insertion Sort,Testset,8,0,7,false
55,Insertion Sort,Testset,8,1,8,false
56,Insertion Sort,Testset,8,1,7,false
57,Insertion Sort,Testset,8,2,7,false
58,Insertion Sort,Testset,8,2,8,false
59,Insertion Sort,Testset,8,3,6,false
60,Insertion Sort,Testset,8,3,7,false
61,Insertion Sort,Testset,8,3,8,false
62,Insertion Sort,Testset,8,4,8,false
63,Insertion Sort,Testset,8,5,8,false
64,Insertion Sort,Testset,8,6,8,false
65,Insertion Sort,Testset,8,7,8,false
66,Insertion Sort,Testset,8,8,8,false
67,Brute Force,Testset,0,0,0,-1,-1,-1,-1,Inf
68,Brute Force,Testset,1,0,0,-1,-1,-1,-1,Inf
69,Brute Force,Testset,1,0,1,-1,-1,-1,-1,Inf
70,Brute Force,Testset,2,0,1,-1,-1,-1,-1,Inf
71,Brute Force,Testset,3,0,1,-1,-1,-1,-1,Inf
72,Brute Force,Testset,3,0,2,8,2,7,2,1
73,Brute Force,Testset,3,0,3,8,2,7,2,1
74,Brute Force,Testset,3,1,2,-1,-1,-1,-1,Inf
75,Brute Force,Testset,3,1,3,7,2,4,9,7.6158
76,Brute Force,Testset,3,2,3,-1,-1,-1,-1,Inf
77,Brute Force,Testset,8,0,0,-1,-1,-1,-1,Inf
78,Brute Force,Testset,8,0,1,-1,-1,-1,-1,Inf
79,Brute Force,Testset,8,0,2,8,2,7,2,1
80,Brute Force,Testset,8,0,3,8,2,7,2,1
81,Brute Force,Testset,8,0,4,8,2,7,2,1
82,Brute Force,Testset,8,1,1,-1,-1,-1,-1,Inf
83,Brute Force,Testset,8,1,2,-1,-1,-1,-1,Inf
84,Brute Force,Testset,8,1,3,7,2,4,9,7.6158
85,Brute Force,Testset,8,1,4,4,9,3,5,4.1231
86,Brute Force,Testset,8,0,8,8,2,7,2,1
87,Brute Force,Testset,8,0,7,8,2,7,2,1
88,Brute Force,Testset,8,1,8,2,7,1,8,1.4142
89,Brute Force,Testset,8,1,7,3,5,3,3,2
90,Brute Force,Testset,8,2,7,3,5,3,3,2
91,Brute Force,Testset,8,2,8,2,7,1,8,1.4142
92,Brute Force,Testset,8,3,6,3,5,3,3,2
93,Brute Force,Testset,8,3,7,3,5,3,3,2
94,Brute Force,Testset,8,3,8,2,7,1,8,1.4142
95,Brute Force,Testset,8,4,8,2,7,1,8,1.4142
96,Brute Force,Testset,8,5,8,2,7,1,8,1.4142
97,Brute Force,Testset,8,6,8,2,7,1,8,1.4142
98,Brute Force,Testset,8,7,8,-1,-1,-1,-1,Inf
99,Brute Force,Testset,8,8,8,-1,-1,-1,-1,Inf
100,Random,Testset,1,0,1
101,Random,Testset,2,0,1
102,Random,Testset,3,0,1
103,Random,Testset,3,0,2
104,Random,Testset,3,0,3
105,Random,Testset,3,1,2
106,Random,Testset,3,1,3
107,Random,Testset,3,2,3
108,Random,Testset,8,0,1
109,Random,Testset,8,0,2
110,Random,Testset,8,0,3
111,Random,Testset,8,0,4
112,Random,Testset,8,1,2
113,Random,Testset,8,1,3
114,Random,Testset,8,1,4
115,Random,Testset,8,0,8
116,Random,Testset,8,0,7
117,Random,Testset,8,1,8
118,Random,Testset,8,1,7
119,Random,Testset,8,2,7
120,Random,Testset,8,2,8
121,Random,Testset,8,3,6
122,Random,Testset,8,3,7
123,Random,Testset,8,3,8
124,Random,Testset,8,4,8
125,Random,Testset,8,5,8
126,Random,Testset,8,6,8
127,Random,Testset,8,7,8
128,First,Testset,1,0,1,-1
129,First,Testset,2,0,1,-1
130,First,Testset,3,0,1,-1
131,First,Testset,3,0,2,8
132,First,Testset,3,0,3,8
133,First,Testset,3,1,2,-1
134,First,Testset,3,1,3,7
135,First,Testset,3,2,3,-1
136,First,Testset,8,0,1,-1
137,First,Testset,8,0,2,8
138,First,Testset,8,0,3,8
139,First,Testset,8,0,4,8
140,First,Testset,8,1,2,-1
141,First,Testset,8,1,3,7
142,First,Testset,8,1,4,7
143,First,Testset,8,0,8,8
144,First,Testset,8,0,7,8
145,First,Testset,8,1,8,7
146,First,Testset,8,1,7,7
147,First,Testset,8,2,7,4
148,First,Testset,8,2,8,4
149,First,Testset,8,3,6,3
150,First,Testset,8,3,7,3
151,First,Testset,8,3,8,3
152,First,Testset,8,4,8,3
153,First,Testset,8,5,8,5
154,First,Testset,8,6,8,2
155,First,Testset,8,7,8,-1
156,Median Of Three,Testset,1,0,1,-1
157,Median Of Three,Testset,2,0,1,-1
158,Median Of Three,Testset,3,0,1,-1
159,Median Of Three,Testset,3,0,2,8
160,Median Of Three,Testset,3,0,3,7
161,Median Of Three,Testset,3,1,2,-1
162,Median Of Three,Testset,3,1,3,7
163,Median Of Three,Testset,3,2,3,-1
164,Median Of Three,Testset,8,0,1,-1
165,Median Of Three,Testset,8,0,2,8
166,Median Of Three,Testset,8,0,3,7
167,Median Of Three,Testset,8,0,4,7
168,Median Of Three,Testset,8,1,2,-1
169,Median Of Three,Testset,8,1,3,7
170,Median Of Three,Testset,8,1,4,4
171,Median Of Three,Testset,8,0,8,3
172,Median Of Three,Testset,8,0,7,3
173,Median Of Three,Testset,8,1,8,3
174,Median Of Three,Testset,8,1,7,3
175,Median Of Three,Testset,8,2,7,3
176,Median Of Three,Testset,8,2,8,3
177,Median Of Three,Testset,8,3,6,3
178,Median Of Three,Testset,8,3,7,3
179,Median Of Three,Testset,8,3,8,3
180,Median Of Three,Testset,8,4,8,3
181,Median Of Three,Testset,8,5,8,2
182,Median Of Three,Testset,8,6,8,2
183,Median Of Three,Testset,8,7,8,-1
184,Split,Testset,8,0,0,8,-1
185,Split,Testset,8,0,1,8,-1
186,Split,Testset,8,0,2,7,1
187,Split,Testset,8,0,2,8,1
188,Split,Testset,8,0,2,7,1
189,Split,Testset,8,0,2,8,1
190,Split,Testset,8,0,3,4,1
191,Split,Testset,8,0,3,7,1:2
192,Split,Testset,8,0,3,8,2
193,Split,Testset,8,0,3,4,1
194,Split,Testset,8,0,3,7,1:2
195,Split,Testset,8,0,3,8,2
196,Split,Testset,8,0,3,4,1
197,Split,Testset,8,0,3,7,1:2
198,Split,Testset,8,0,3,8,2
199,Split,Testset,8,0,4,3,1
200,Split,Testset,8,0,4,4,1:2
201,Split,Testset,8,0,4,7,2:3
202,Split,Testset,8,0,4,8,3
203,Split,Testset,8,0,4,3,1
204,Split,Testset,8,0,4,4,1:2
205,Split,Testset,8,0,4,7,2:3
206,Split,Testset,8,0,4,8,3
207,Split,Testset,8,0,4,3,1
208,Split,Testset,8,0,4,4,1:2
209,Split,Testset,8,0,4,7,2:3
210,Split,Testset,8,0,4,8,3
211,Split,Testset,8,0,4,3,1
212,Split,Testset,8,0,4,4,1:2
213,Split,Testset,8,0,4,7,2:3
214,Split,Testset,8,0,4,8,3
215,Split,Testset,8,0,5,3,1:2
216,Split,Testset,8,0,5,4,2:3
217,Split,Testset,8,0,5,7,3:4
218,Split,Testset,8,0,5,8,4
219,Split,Testset,8,0,5,3,1:2
220,Split,Testset,8,0,5,4,2:3
221,Split,Testset,8,0,5,7,3:4
222,Split,Testset,8,0,5,8,4
223,Split,Testset,8,0,5,3,1:2
224,Split,Testset,8,0,5,4,2:3
225,Split,Testset,8,0,5,7,3:4
226,Split,Testset,8,0,5,8,4
227,Split,Testset,8,0,5,3,1:2
228,Split,Testset,8,0,5,4,2:3
229,Split,Testset,8,0,5,7,3:4
230,Split,Testset,8,0,5,8,4
231,Split,Testset,8,2,4,3,3
232,Split,Testset,8,2,4,4,3
233,Split,Testset,8,2,4,3,3
234,Split,Testset,8,2,4,4,3
235,Split,Testset,8,2,5,3,3:4
236,Split,Testset,8,2,5,4,4
237,Split,Testset,8,2,5,3,3:4
238,Split,Testset,8,2,5,4,4
239,Split,Testset,8,2,6,3,3:4
240,Split,Testset,8,2,6,4,4:5
241,Split,Testset,8,2,6,5,5
242,Split,Testset,8,2,6,3,3:4
243,Split,Testset,8,2,6,4,4:5
244,Split,Testset,8,2,6,5,5
245,Split,Testset,8,2,6,3,3:4
246,Split,Testset,8,2,6,4,4:5
247,Split,Testset,8,2,6,5,5
248,Split,Testset,8,2,7,2,3
249,Split,Testset,8,2,7,3,3:4:5
250,Split,Testset,8,2,7,4,5:6
251,Split,Testset,8,2,7,5,6
252,Split,Testset,8,2,7,2,3
253,Split,Testset,8,2,7,3,3:4:5
254,Split,Testset,8,2,7,4,5:6
255,Split,Testset,8,2,7,5,6
256,Split,Testset,8,2,7,2,3
257,Split,Testset,8,2,7,3,3:4:5
258,Split,Testset,8,2,7,4,5:6
259,Split,Testset,8,2,7,5,6
260,Split,Testset,8,2,7,2,3
261,Split,Testset,8,2,7,3,3:4:5
262,Split,Testset,8,2,7,4,5:6
263,Split,Testset,8,2,7,5,6
264,Split,Testset,8,2,8,1,3
265,Split,Testset,8,2,8,2,3:4
266,Split,Testset,8,2,8,3,4:5:6
267,Split,Testset,8,2,8,4,6:7
268,Split,Testset,8,2,8,5,7
269,Split,Testset,8,2,8,1,3
270,Split,Testset,8,2,8,2,3:4
271,Split,Testset,8,2,8,3,4:5:6
272,Split,Testset,8,2,8,4,6:7
273,Split,Testset,8,2,8,5,7
274,Split,Testset,8,2,8,1,3
275,Split,Testset,8,2,8,2,3:4
276,Split,Testset,8,2,8,3,4:5:6
277,Split,Testset,8,2,8,4,6:7
278,Split,Testset,8,2,8,5,7
279,Split,Testset,8,2,8,1,3
280,Split,Testset,8,2,8,2,3:4
281,Split,Testset,8,2,8,3,4:5:6
282,Split,Testset,8,2,8,4,6:7
283,Split,Testset,8,2,8,5,7
284,Split,Testset,8,2,8,1,3
285,Split,Testset,8,2,8,2,3:4
286,Split,Testset,8,2,8,3,4:5:6
287,Split,Testset,8,2,8,4,6:7
288,Split,Testset,8,2,8,5,7
289,Split,Testset,8,5,7,2,6
290,Split,Testset,8,5,7,5,6
291,Split,Testset,8,5,7,2,6
292,Split,Testset,8,5,7,5,6
293,Split,Testset,8,5,8,1,6
294,Split,Testset,8,5,8,2,6:7
295,Split,Testset,8,5,8,5,7
296,Split,Testset,8,5,8,1,6
297,Split,Testset,8,5,8,2,6:7
298,Split,Testset,8,5,8,5,7
299,Split,Testset,8,5,8,1,6
300,Split,Testset,8,5,8,2,6:7
301,Split,Testset,8,5,8,5,7
302,Split,Testset,8,6,7,2,-1
303,Split,Testset,8,6,8,1,7
304,Split,Testset,8,6,8,2,7
305,Split,Testset,8,6,8,1,7
306,Split,Testset,8,6,8,2,7
307,Combination,TestsetComb,8,0,6,0.5,3,3,2,4,3,5,3,3,2
308,Combination,TestsetComb,8,0,6,1.5,3,3,1,5,3,5,3,3,2
309,Combination,TestsetComb,8,0,6,2.5,3,3,0,6,1,8,2,7,1.4142
310,Combination,TestsetComb,8,0,6,3.5,3,3,0,6,1,8,2,7,1.4142
311,Combination,TestsetComb,8,0,6,4.5,3,3,0,6,1,8,2,7,1.4142
312,Combination,TestsetComb,8,0,6,5.5,3,3,0,6,1,8,2,7,1.4142
313,Combination,TestsetComb,8,0,6,0.5,4,4,4,5,-1,-1,-1,-1,Inf
314,Combination,TestsetComb,8,0,6,1.5,4,4,2,6,3,5,3,3,2
315,Combination,TestsetComb,8,0,6,2.5,4,4,1,6,3,5,3,3,2
316,Combination,TestsetComb,8,0,6,3.5,4,4,0,6,1,8,2,7,1.4142
317,Combination,TestsetComb,8,0,6,4.5,4,4,0,6,1,8,2,7,1.4142
318,Combination,TestsetComb,8,0,6,5.5,4,4,0,6,1,8,2,7,1.4142
319,Combination,TestsetComb,8,0,6,0.5,5,5,5,6,-1,-1,-1,-1,Inf
320,Combination,TestsetComb,8,0,6,1.5,5,5,4,6,4,9,5,3,6.0828
321,Combination,TestsetComb,8,0,6,2.5,5,5,2,6,3,5,3,3,2
322,Combination,TestsetComb,8,0,6,3.5,5,5,1,6,3,5,3,3,2
323,Combination,TestsetComb,8,0,6,4.5,5,5,0,6,1,8,2,7,1.4142
324,Combination,TestsetComb,8,0,6,5.5,5,5,0,6,1,8,2,7,1.4142
325,Combination,TestsetComb,8,1,6,0.5,3,3,2,4,3,5,3,3,2
326,Combination,TestsetComb,8,1,6,1.5,3,3,1,5,3,5,3,3,2
327,Combination,TestsetComb,8,1,6,2.5,3,3,1,6,3,5,3,3,2
328,Combination,TestsetComb,8,1,6,3.5,3,3,1,6,3,5,3,3,2
329,Combination,TestsetComb,8,1,6,4.5,3,3,1,6,3,5,3,3,2
330,Combination,TestsetComb,8,1,6,5.5,3,3,1,6,3,5,3,3,2
331,Combination,TestsetComb,8,1,6,0.5,4,4,4,5,-1,-1,-1,-1,Inf
332,Combination,TestsetComb,8,1,6,1.5,4,4,2,6,3,5,3,3,2
333,Combination,TestsetComb,8,1,6,2.5,4,4,1,6,3,5,3,3,2
334,Combination,TestsetComb,8,1,6,3.5,4,4,1,6,3,5,3,3,2
335,Combination,TestsetComb,8,1,6,4.5,4,4,1,6,3,5,3,3,2
336,Combination,TestsetComb,8,1,6,5.5,4,4,1,6,3,5,3,3,2
337,Combination,TestsetComb,8,1,6,0.5,5,5,5,6,-1,-1,-1,-1,Inf
338,Combination,TestsetComb,8,1,6,1.5,5,5,4,6,4,9,5,3,6.0828
339,Combination,TestsetComb,8,1,6,2.5,5,5,2,6,3,5,3,3,2
340,Combination,TestsetComb,8,1,6,3.5,5,5,1,6,3,5,3,3,2
341,Combination,TestsetComb,8,1,6,4.5,5,5,1,6,3,5,3,3,2
342,Combination,TestsetComb,8,1,6,5.5,5,5,1,6,3,5,3,3,2
343,Combination,TestsetComb,8,2,6,0.5,3,3,2,4,3,5,3,3,2
344,Combination,TestsetComb,8,2,6,1.5,3,3,2,5,3,5,3,3,2
345,Combination,TestsetComb,8,2,6,2.5,3,3,2,6,3,5,3,3,2
346,Combination,TestsetComb,8,2,6,3.5,3,3,2,6,3,5,3,3,2
347,Combination,TestsetComb,8,2,6,4.5,3,3,2,6,3,5,3,3,2
348,Combination,TestsetComb,8,2,6,5.5,3,3,2,6,3,5,3,3,2
349,Combination,TestsetComb,8,2,6,0.5,4,4,4,5,-1,-1,-1,-1,Inf
350,Combination,TestsetComb,8,2,6,1.5,4,4,2,6,3,5,3,3,2
351,Combination,TestsetComb,8,2,6,2.5,4,4,2,6,3,5,3,3,2
352,Combination,TestsetComb,8,2,6,3.5,4,4,2,6,3,5,3,3,2
353,Combination,TestsetComb,8,2,6,4.5,4,4,2,6,3,5,3,3,2
354,Combination,TestsetComb,8,2,6,5.5,4,4,2,6,3,5,3,3,2
355,Combination,TestsetComb,8,2,6,0.5,5,5,5,6,-1,-1,-1,-1,Inf
356,Combination,TestsetComb,8,2,6,1.5,5,5,4,6,4,9,5,3,6.0828
357,Combination,TestsetComb,8,2,6,2.5,5,5,2,6,3,5,3,3,2
358,Combination,TestsetComb,8,2,6,3.5,5,5,2,6,3,5,3,3,2
359,Combination,TestsetComb,8,2,6,4.5,5,5,2,6,3,5,3,3,2
360,Combination,TestsetComb,8,2,6,5.5,5,5,2,6,3,5,3,3,2
361,Combination,TestsetComb,8,0,7,0.5,3,3,2,4,3,5,3,3,2
362,Combination,TestsetComb,8,0,7,1.5,3,3,1,5,3,5,3,3,2
363,Combination,TestsetComb,8,0,7,2.5,3,3,0,6,1,8,2,7,1.4142
364,Combination,TestsetComb,8,0,7,3.5,3,3,0,6,1,8,2,7,1.4142
365,Combination,TestsetComb,8,0,7,4.5,3,3,0,7,1,8,2,7,1.4142
366,Combination,TestsetComb,8,0,7,5.5,3,3,0,7,1,8,2,7,1.4142
367,Combination,TestsetComb,8,0,7,0.5,4,4,4,5,-1,-1,-1,-1,Inf
368,Combination,TestsetComb,8,0,7,1.5,4,4,2,6,3,5,3,3,2
369,Combination,TestsetComb,8,0,7,2.5,4,4,1,6,3,5,3,3,2
370,Combination,TestsetComb,8,0,7,3.5,4,4,0,7,1,8,2,7,1.4142
371,Combination,TestsetComb,8,0,7,4.5,4,4,0,7,1,8,2,7,1.4142
372,Combination,TestsetComb,8,0,7,5.5,4,4,0,7,1,8,2,7,1.4142
373,Combination,TestsetComb,8,0,7,0.5,5,5,5,6,-1,-1,-1,-1,Inf
374,Combination,TestsetComb,8,0,7,1.5,5,5,4,6,4,9,5,3,6.0828
375,Combination,TestsetComb,8,0,7,2.5,5,5,2,7,3,5,3,3,2
376,Combination,TestsetComb,8,0,7,3.5,5,5,1,7,3,5,3,3,2
377,Combination,TestsetComb,8,0,7,4.5,5,5,0,7,1,8,2,7,1.4142
378,Combination,TestsetComb,8,0,7,5.5,5,5,0,7,1,8,2,7,1.4142
379,Combination,TestsetComb,8,1,7,0.5,3,3,2,4,3,5,3,3,2
380,Combination,TestsetComb,8,1,7,1.5,3,3,1,5,3,5,3,3,2
381,Combination,TestsetComb,8,1,7,2.5,3,3,1,6,3,5,3,3,2
382,Combination,TestsetComb,8,1,7,3.5,3,3,1,6,3,5,3,3,2
383,Combination,TestsetComb,8,1,7,4.5,3,3,1,7,3,5,3,3,2
384,Combination,TestsetComb,8,1,7,5.5,3,3,1,7,3,5,3,3,2
385,Combination,TestsetComb,8,1,7,0.5,4,4,4,5,-1,-1,-1,-1,Inf
386,Combination,TestsetComb,8,1,7,1.5,4,4,2,6,3,5,3,3,2
387,Combination,TestsetComb,8,1,7,2.5,4,4,1,6,3,5,3,3,2
388,Combination,TestsetComb,8,1,7,3.5,4,4,1,7,3,5,3,3,2
389,Combination,TestsetComb,8,1,7,4.5,4,4,1,7,3,5,3,3,2
390,Combination,TestsetComb,8,1,7,5.5,4,4,1,7,3,5,3,3,2
391,Combination,TestsetComb,8,1,7,0.5,5,5,5,6,-1,-1,-1,-1,Inf
392,Combination,TestsetComb,8,1,7,1.5,5,5,4,6,4,9,5,3,6.0828
393,Combination,TestsetComb,8,1,7,2.5,5,5,2,7,3,5,3,3,2
394,Combination,TestsetComb,8,1,7,3.5,5,5,1,7,3,5,3,3,2
395,Combination,TestsetComb,8,1,7,4.5,5,5,1,7,3,5,3,3,2
396,Combination,TestsetComb,8,1,7,5.5,5,5,1,7,3,5,3,3,2
397,Combination,TestsetComb,8,2,7,0.5,3,3,2,4,3,5,3,3,2
398,Combination,TestsetComb,8,2,7,1.5,3,3,2,5,3,5,3,3,2
399,Combination,TestsetComb,8,2,7,2.5,3,3,2,6,3,5,3,3,2
400,Combination,TestsetComb,8,2,7,3.5,3,3,2,6,3,5,3,3,2
401,Combination,TestsetComb,8,2,7,4.5,3,3,2,7,3,5,3,3,2
402,Combination,TestsetComb,8,2,7,5.5,3,3,2,7,3,5,3,3,2
403,Combination,TestsetComb,8,2,7,0.5,4,4,4,5,-1,-1,-1,-1,Inf
404,Combination,TestsetComb,8,2,7,1.5,4,4,2,6,3,5,3,3,2
405,Combination,TestsetComb,8,2,7,2.5,4,4,2,6,3,5,3,3,2
406,Combination,TestsetComb,8,2,7,3.5,4,4,2,7,3,5,3,3,2
407,Combination,TestsetComb,8,2,7,4.5,4,4,2,7,3,5,3,3,2
408,Combination,TestsetComb,8,2,7,5.5,4,4,2,7,3,5,3,3,2
409,Combination,TestsetComb,8,2,7,0.5,5,5,5,6,-1,-1,-1,-1,Inf
410,Combination,TestsetComb,8,2,7,1.5,5,5,4,6,4,9,5,3,6.0828
411,Combination,TestsetComb,8,2,7,2.5,5,5,2,7,3,5,3,3,2
412,Combination,TestsetComb,8,2,7,3.5,5,5,2,7,3,5,3,3,2
413,Combination,TestsetComb,8,2,7,4.5,5,5,2,7,3,5,3,3,2
414,Combination,TestsetComb,8,2,7,5.5,5,5,2,7,3,5,3,3,2
415,Combination,TestsetComb,8,0,8,0.5,3,3,2,4,3,5,3,3,2
416,Combination,TestsetComb,8,0,8,1.5,3,3,1,5,3,5,3,3,2
417,Combination,TestsetComb,8,0,8,2.5,3,3,0,6,1,8,2,7,1.4142
418,Combination,TestsetComb,8,0,8,3.5,3,3,0,6,1,8,2,7,1.4142
419,Combination,TestsetComb,8,0,8,4.5,3,3,0,7,1,8,2,7,1.4142
420,Combination,TestsetComb,8,0,8,5.5,3,3,0,8,7,2,8,2,1
421,Combination,TestsetComb,8,0,8,0.5,4,4,4,5,-1,-1,-1,-1,Inf
422,Combination,TestsetComb,8,0,8,1.5,4,4,2,6,3,5,3,3,2
423,Combination,TestsetComb,8,0,8,2.5,4,4,1,6,3,5,3,3,2
424,Combination,TestsetComb,8,0,8,3.5,4,4,0,7,1,8,2,7,1.4142
425,Combination,TestsetComb,8,0,8,4.5,4,4,0,8,7,2,8,2,1
426,Combination,TestsetComb,8,0,8,5.5,4,4,0,8,7,2,8,2,1
427,Combination,TestsetComb,8,0,8,0.5,5,5,5,6,-1,-1,-1,-1,Inf
428,Combination,TestsetComb,8,0,8,1.5,5,5,4,6,4,9,5,3,6.0828
429,Combination,TestsetComb,8,0,8,2.5,5,5,2,7,3,5,3,3,2
430,Combination,TestsetComb,8,0,8,3.5,5,5,1,8,7,2,8,2,1
431,Combination,TestsetComb,8,0,8,4.5,5,5,0,8,7,2,8,2,1
432,Combination,TestsetComb,8,0,8,5.5,5,5,0,8,7,2,8,2,1
433,Combination,TestsetComb,8,1,8,0.5,3,3,2,4,3,5,3,3,2
434,Combination,TestsetComb,8,1,8,1.5,3,3,1,5,3,5,3,3,2
435,Combination,TestsetComb,8,1,8,2.5,3,3,1,6,3,5,3,3,2
436,Combination,TestsetComb,8,1,8,3.5,3,3,1,6,3,5,3,3,2
437,Combination,TestsetComb,8,1,8,4.5,3,3,1,7,3,5,3,3,2
438,Combination,TestsetComb,8,1,8,5.5,3,3,1,8,7,2,8,2,1
439,Combination,TestsetComb,8,1,8,0.5,4,4,4,5,-1,-1,-1,-1,Inf
440,Combination,TestsetComb,8,1,8,1.5,4,4,2,6,3,5,3,3,2
441,Combination,TestsetComb,8,1,8,2.5,4,4,1,6,3,5,3,3,2
442,Combination,TestsetComb,8,1,8,3.5,4,4,1,7,3,5,3,3,2
443,Combination,TestsetComb,8,1,8,4.5,4,4,1,8,7,2,8,2,1
444,Combination,TestsetComb,8,1,8,5.5,4,4,1,8,7,2,8,2,1
445,Combination,TestsetComb,8,1,8,0.5,5,5,5,6,-1,-1,-1,-1,Inf
446,Combination,TestsetComb,8,1,8,1.5,5,5,4,6,4,9,5,3,6.0828
447,Combination,TestsetComb,8,1,8,2.5,5,5,2,7,3,5,3,3,2
448,Combination,TestsetComb,8,1,8,3.5,5,5,1,8,7,2,8,2,1
449,Combination,TestsetComb,8,1,8,4.5,5,5,1,8,7,2,8,2,1
450,Combination,TestsetComb,8,1,8,5.5,5,5,1,8,7,2,8,2,1
451,Combination,TestsetComb,8,2,8,0.5,3,3,2,4,3,5,3,3,2
452,Combination,TestsetComb,8,2,8,1.5,3,3,2,5,3,5,3,3,2
453,Combination,TestsetComb,8,2,8,2.5,3,3,2,6,3,5,3,3,2
454,Combination,TestsetComb,8,2,8,3.5,3,3,2,6,3,5,3,3,2
455,Combination,TestsetComb,8,2,8,4.5,3,3,2,7,3,5,3,3,2
456,Combination,TestsetComb,8,2,8,5.5,3,3,2,8,7,2,8,2,1
457,Combination,TestsetComb,8,2,8,0.5,4,4,4,5,-1,-1,-1,-1,Inf
458,Combination,TestsetComb,8,2,8,1.5,4,4,2,6,3,5,3,3,2
459,Combination,TestsetComb,8,2,8,2.5,4,4,2,6,3,5,3,3,2
460,Combination,TestsetComb,8,2,8,3.5,4,4,2,7,3,5,3,3,2
461,Combination,TestsetComb,8,2,8,4.5,4,4,2,8,7,2,8,2,1
462,Combination,TestsetComb,8,2,8,5.5,4,4,2,8,7,2,8,2,1
463,Combination,TestsetComb,8,2,8,0.5,5,5,5,6,-1,-1,-1,-1,Inf
464,Combination,TestsetComb,8,2,8,1.5,5,5,4,6,4,9,5,3,6.0828
465,Combination,TestsetComb,8,2,8,2.5,5,5,2,7,3,5,3,3,2
466,Combination,TestsetComb,8,2,8,3.5,5,5,2,8,7,2,8,2,1
467,Combination,TestsetComb,8,2,8,4.5,5,5,2,8,7,2,8,2,1
468,Combination,TestsetComb,8,2,8,5.5,5,5,2,8,7,2,8,2,1
469,Closest Pair,set1,100,Random,323.55,362.58,324.2,360.89,1.81069047603393
470,Closest Pair,set1,200,Random,323.55,362.58,324.2,360.89,1.81069047603393
471,Closest Pair,set1,300,Random,323.55,362.58,324.2,360.89,1.81069047603393
472,Closest Pair,set1,400,Random,323.55,362.58,324.2,360.89,1.81069047603393
473,Closest Pair,set1,500,Random,323.55,362.58,324.2,360.89,1.81069047603393
474,Closest Pair,set1,600,Random,323.55,362.58,324.2,360.89,1.81069047603393
475,Closest Pair,set1,700,Random,323.55,362.58,324.2,360.89,1.81069047603393
476,Closest Pair,set1,800,Random,32.13,168.08,32.67,167.25,0.990201999594032
477,Closest Pair,set1,900,Random,200.74,791.93,200.46,792.59,0.716937933157473
478,Closest Pair,set1,1000,Random,200.74,791.93,200.46,792.59,0.716937933157473
479,Closest Pair,set1,1100,Random,200.74,791.93,200.46,792.59,0.716937933157473
480,Closest Pair,set1,1200,Random,726.82,699.24,726.39,699.35,0.443846820423508
481,Closest Pair,set1,1300,Random,726.82,699.24,726.39,699.35,0.443846820423508
482,Closest Pair,set1,1400,Random,726.82,699.24,726.39,699.35,0.443846820423508
483,Closest Pair,set1,1500,Random,726.82,699.24,726.39,699.35,0.443846820423508
484,Closest Pair,set1,1600,Random,726.82,699.24,726.39,699.35,0.443846820423508
485,Closest Pair,set1,1700,Random,726.82,699.24,726.39,699.35,0.443846820423508
486,Closest Pair,set1,1800,Random,726.82,699.24,726.39,699.35,0.443846820423508
487,Closest Pair,set1,1900,Random,726.82,699.24,726.39,699.35,0.443846820423508
488,Closest Pair,set1,2000,Random,726.82,699.24,726.39,699.35,0.443846820423508
489,Closest Pair,set1,2100,Random,726.82,699.24,726.39,699.35,0.443846820423508
490,Closest Pair,set1,2200,Random,726.82,699.24,726.39,699.35,0.443846820423508
491,Closest Pair,set1,2300,Random,726.82,699.24,726.39,699.35,0.443846820423508
492,Closest Pair,set1,2400,Random,726.82,699.24,726.39,699.35,0.443846820423508
493,Closest Pair,set1,2500,Random,726.82,699.24,726.39,699.35,0.443846820423508
494,Closest Pair,set1,2600,Random,726.82,699.24,726.39,699.35,0.443846820423508
495,Closest Pair,set1,2700,Random,726.82,699.24,726.39,699.35,0.443846820423508
496,Closest Pair,set1,2800,Random,726.82,699.24,726.39,699.35,0.443846820423508
497,Closest Pair,set1,2900,Random,726.82,699.24,726.39,699.35,0.443846820423508
498,Closest Pair,set1,3000,Random,726.82,699.24,726.39,699.35,0.443846820423508
499,Closest Pair,set1,3100,Random,726.82,699.24,726.39,699.35,0.443846820423508
500,Closest Pair,set1,3200,Random,726.82,699.24,726.39,699.35,0.443846820423508
501,Closest Pair,set1,3300,Random,726.82,699.24,726.39,699.35,0.443846820423508
502,Closest Pair,set1,3400,Random,726.82,699.24,726.39,699.35,0.443846820423508
503,Closest Pair,set1,3500,Random,726.82,699.24,726.39,699.35,0.443846820423508
504,Closest Pair,set1,3600,Random,726.82,699.24,726.39,699.35,0.443846820423508
505,Closest Pair,set1,3700,Random,726.82,699.24,726.39,699.35,0.443846820423508
506,Closest Pair,set1,3800,Random,726.82,699.24,726.39,699.35,0.443846820423508
507,Closest Pair,set1,3900,Random,726.82,699.24,726.39,699.35,0.443846820423508
508,Closest Pair,set1,4000,Random,726.82,699.24,726.39,699.35,0.443846820423508
509,Closest Pair,set1,4100,Random,726.82,699.24,726.39,699.35,0.443846820423508
510,Closest Pair,set1,4200,Random,807.84,125.52,807.93,125.26,0.275136329843917
511,Closest Pair,set1,4300,Random,807.84,125.52,807.93,125.26,0.275136329843917
512,Closest Pair,set1,4400,Random,807.84,125.52,807.93,125.26,0.275136329843917
513,Closest Pair,set1,4500,Random,807.84,125.52,807.93,125.26,0.275136329843917
514,Closest Pair,set1,4600,Random,807.84,125.52,807.93,125.26,0.275136329843917
515,Closest Pair,set1,4700,Random,807.84,125.52,807.93,125.26,0.275136329843917
516,Closest Pair,set1,4800,Random,807.84,125.52,807.93,125.26,0.275136329843917
517,Closest Pair,set1,4900,Random,807.84,125.52,807.93,125.26,0.275136329843917
518,Closest Pair,set1,5000,Random,807.84,125.52,807.93,125.26,0.275136329843917
519,Closest Pair,set1,5100,Random,807.84,125.52,807.93,125.26,0.275136329843917
520,Closest Pair,set1,5200,Random,807.84,125.52,807.93,125.26,0.275136329843917
521,Closest Pair,set1,5300,Random,807.84,125.52,807.93,125.26,0.275136329843917
522,Closest Pair,set1,5400,Random,807.84,125.52,807.93,125.26,0.275136329843917
523,Closest Pair,set1,5500,Random,807.84,125.52,807.93,125.26,0.275136329843917
524,Closest Pair,set1,5600,Random,807.84,125.52,807.93,125.26,0.275136329843917
525,Closest Pair,set1,5700,Random,807.84,125.52,807.93,125.26,0.275136329843917
526,Closest Pair,set1,5800,Random,807.84,125.52,807.93,125.26,0.275136329843917
527,Closest Pair,set1,5900,Random,807.84,125.52,807.93,125.26,0.275136329843917
528,Closest Pair,set1,6000,Random,807.84,125.52,807.93,125.26,0.275136329843917
529,Closest Pair,set1,6100,Random,49.56,918.45,49.32,918.56,0.264007575648842
530,Closest Pair,set1,6200,Random,49.56,918.45,49.32,918.56,0.264007575648842
531,Closest Pair,set1,6300,Random,49.56,918.45,49.32,918.56,0.264007575648842
532,Closest Pair,set1,6400,Random,49.56,918.45,49.32,918.56,0.264007575648842
533,Closest Pair,set1,6500,Random,49.56,918.45,49.32,918.56,0.264007575648842
534,Closest Pair,set1,6600,Random,49.56,918.45,49.32,918.56,0.264007575648842
535,Closest Pair,set1,6700,Random,49.56,918.45,49.32,918.56,0.264007575648842
536,Closest Pair,set1,6800,Random,49.56,918.45,49.32,918.56,0.264007575648842
537,Closest Pair,set1,6900,Random,49.56,918.45,49.32,918.56,0.264007575648842
538,Closest Pair,set1,7000,Random,49.56,918.45,49.32,918.56,0.264007575648842
539,Closest Pair,set1,7100,Random,342.25,588.62,342.46,588.66,0.213775583264293
540,Closest Pair,set1,7200,Random,342.25,588.62,342.46,588.66,0.213775583264293
541,Closest Pair,set1,7300,Random,342.25,588.62,342.46,588.66,0.213775583264293
542,Closest Pair,set1,7400,Random,342.25,588.62,342.46,588.66,0.213775583264293
543,Closest Pair,set1,7500,Random,783.89,655.2,783.86,655.12,0.0854400374532041
544,Closest Pair,set1,7600,Random,783.89,655.2,783.86,655.12,0.0854400374532041
545,Closest Pair,set1,7700,Random,783.89,655.2,783.86,655.12,0.0854400374532041
546,Closest Pair,set1,7800,Random,783.89,655.2,783.86,655.12,0.0854400374532041
547,Closest Pair,set1,7900,Random,783.89,655.2,783.86,655.12,0.0854400374532041
548,Closest Pair,set1,8000,Random,783.89,655.2,783.86,655.12,0.0854400374532041
549,Closest Pair,set1,8100,Random,783.89,655.2,783.86,655.12,0.0854400374532041
550,Closest Pair,set1,8200,Random,783.89,655.2,783.86,655.12,0.0854400374532041
551,Closest Pair,set1,8300,Random,783.89,655.2,783.86,655.12,0.0854400374532041
552,Closest Pair,set1,8400,Random,783.89,655.2,783.86,655.12,0.0854400374532041
553,Closest Pair,set1,8500,Random,783.89,655.2,783.86,655.12,0.0854400374532041
554,Closest Pair,set1,8600,Random,783.89,655.2,783.86,655.12,0.0854400374532041
555,Closest Pair,set1,8700,Random,783.89,655.2,783.86,655.12,0.0854400374532041
556,Closest Pair,set1,8800,Random,783.89,655.2,783.86,655.12,0.0854400374532041
557,Closest Pair,set1,8900,Random,783.89,655.2,783.86,655.12,0.0854400374532041
558,Closest Pair,set1,9000,Random,783.89,655.2,783.86,655.12,0.0854400374532041
559,Closest Pair,set1,9100,Random,783.89,655.2,783.86,655.12,0.0854400374532041
560,Closest Pair,set1,9200,Random,783.89,655.2,783.86,655.12,0.0854400374532041
561,Closest Pair,set1,9300,Random,783.89,655.2,783.86,655.12,0.0854400374532041
562,Closest Pair,set1,9400,Random,783.89,655.2,783.86,655.12,0.0854400374532041
563,Closest Pair,set1,9500,Random,783.89,655.2,783.86,655.12,0.0854400374532041
564,Closest Pair,set1,9600,Random,783.89,655.2,783.86,655.12,0.0854400374532041
565,Closest Pair,set1,9700,Random,783.89,655.2,783.86,655.12,0.0854400374532041
566,Closest Pair,set1,9800,Random,783.89,655.2,783.86,655.12,0.0854400374532041
567,Closest Pair,set1,9900,Random,783.89,655.2,783.86,655.12,0.0854400374532041
568,Closest Pair,set1,10000,Random,783.89,655.2,783.86,655.12,0.0854400374532041
569,Closest Pair,set1,100,First,323.55,362.58,324.2,360.89,1.81069047603393
570,Closest Pair,set1,200,First,323.55,362.58,324.2,360.89,1.81069047603393
571,Closest Pair,set1,300,First,323.55,362.58,324.2,360.89,1.81069047603393
572,Closest Pair,set1,400,First,323.55,362.58,324.2,360.89,1.81069047603393
573,Closest Pair,set1,500,First,323.55,362.58,324.2,360.89,1.81069047603393
574,Closest Pair,set1,600,First,323.55,362.58,324.2,360.89,1.81069047603393
575,Closest Pair,set1,700,First,323.55,362.58,324.2,360.89,1.81069047603393
576,Closest Pair,set1,800,First,32.13,168.08,32.67,167.25,0.990201999594032
577,Closest Pair,set1,900,First,200.74,791.93,200.46,792.59,0.716937933157473
578,Closest Pair,set1,1000,First,200.74,791.93,200.46,792.59,0.716937933157473
579,Closest Pair,set1,1100,First,200.74,791.93,200.46,792.59,0.716937933157473
580,Closest Pair,set1,1200,First,726.82,699.24,726.39,699.35,0.443846820423508
581,Closest Pair,set1,1300,First,726.82,699.24,726.39,699.35,0.443846820423508
582,Closest Pair,set1,1400,First,726.82,699.24,726.39,699.35,0.443846820423508
583,Closest Pair,set1,1500,First,726.82,699.24,726.39,699.35,0.443846820423508
584,Closest Pair,set1,1600,First,726.82,699.24,726.39,699.35,0.443846820423508
585,Closest Pair,set1,1700,First,726.82,699.24,726.39,699.35,0.443846820423508
586,Closest Pair,set1,1800,First,726.82,699.24,726.39,699.35,0.443846820423508
587,Closest Pair,set1,1900,First,726.82,699.24,726.39,699.35,0.443846820423508
588,Closest Pair,set1,2000,First,726.82,699.24,726.39,699.35,0.443846820423508
589,Closest Pair,set1,2100,First,726.82,699.24,726.39,699.35,0.443846820423508
590,Closest Pair,set1,2200,First,726.82,699.24,726.39,699.35,0.443846820423508
591,Closest Pair,set1,2300,First,726.82,699.24,726.39,699.35,0.443846820423508
592,Closest Pair,set1,2400,First,726.82,699.24,726.39,699.35,0.443846820423508
593,Closest Pair,set1,2500,First,726.82,699.24,726.39,699.35,0.443846820423508
594,Closest Pair,set1,2600,First,726.82,699.24,726.39,699.35,0.443846820423508
595,Closest Pair,set1,2700,First,726.82,699.24,726.39,699.35,0.443846820423508
596,Closest Pair,set1,2800,First,726.82,699.24,726.39,699.35,0.443846820423508
597,Closest Pair,set1,2900,First,726.82,699.24,726.39,699.35,0.443846820423508
598,Closest Pair,set1,3000,First,726.82,699.24,726.39,699.35,0.443846820423508
599,Closest Pair,set1,3100,First,726.82,699.24,726.39,699.35,0.443846820423508
600,Closest Pair,set1,3200,First,726.82,699.24,726.39,699.35,0.443846820423508
601,Closest Pair,set1,3300,First,726.82,699.24,726.39,699.35,0.443846820423508
602,Closest Pair,set1,3400,First,726.82,699.24,726.39,699.35,0.443846820423508
603,Closest Pair,set1,3500,First,726.82,699.24,726.39,699.35,0.443846820423508
604,Closest Pair,set1,3600,First,726.82,699.24,726.39,699.35,0.443846820423508
605,Closest Pair,set1,3700,First,726.82,699.24,726.39,699.35,0.443846820423508
606,Closest Pair,set1,3800,First,726.82,699.24,726.39,699.35,0.443846820423508
607,Closest Pair,set1,3900,First,726.82,699.24,726.39,699.35,0.443846820423508
608,Closest Pair,set1,4000,First,726.82,699.24,726.39,699.35,0.443846820423508
609,Closest Pair,set1,4100,First,726.82,699.24,726.39,699.35,0.443846820423508
610,Closest Pair,set1,4200,First,807.84,125.52,807.93,125.26,0.275136329843917
611,Closest Pair,set1,4300,First,807.84,125.52,807.93,125.26,0.275136329843917
612,Closest Pair,set1,4400,First,807.84,125.52,807.93,125.26,0.275136329843917
613,Closest Pair,set1,4500,First,807.84,125.52,807.93,125.26,0.275136329843917
614,Closest Pair,set1,4600,First,807.84,125.52,807.93,125.26,0.275136329843917
615,Closest Pair,set1,4700,First,807.84,125.52,807.93,125.26,0.275136329843917
616,Closest Pair,set1,4800,First,807.84,125.52,807.93,125.26,0.275136329843917
617,Closest Pair,set1,4900,First,807.84,125.52,807.93,125.26,0.275136329843917
618,Closest Pair,set1,5000,First,807.84,125.52,807.93,125.26,0.275136329843917
619,Closest Pair,set1,5100,First,807.84,125.52,807.93,125.26,0.275136329843917
620,Closest Pair,set1,5200,First,807.84,125.52,807.93,125.26,0.275136329843917
621,Closest Pair,set1,5300,First,807.84,125.52,807.93,125.26,0.275136329843917
622,Closest Pair,set1,5400,First,807.84,125.52,807.93,125.26,0.275136329843917
623,Closest Pair,set1,5500,First,807.84,125.52,807.93,125.26,0.275136329843917
624,Closest Pair,set1,5600,First,807.84,125.52,807.93,125.26,0.275136329843917
625,Closest Pair,set1,5700,First,807.84,125.52,807.93,125.26,0.275136329843917
626,Closest Pair,set1,5800,First,807.84,125.52,807.93,125.26,0.275136329843917
627,Closest Pair,set1,5900,First,807.84,125.52,807.93,125.26,0.275136329843917
628,Closest Pair,set1,6000,First,807.84,125.52,807.93,125.26,0.275136329843917
629,Closest Pair,set1,6100,First,49.56,918.45,49.32,918.56,0.264007575648842
630,Closest Pair,set1,6200,First,49.56,918.45,49.32,918.56,0.264007575648842
631,Closest Pair,set1,6300,First,49.56,918.45,49.32,918.56,0.264007575648842
632,Closest Pair,set1,6400,First,49.56,918.45,49.32,918.56,0.264007575648842
633,Closest Pair,set1,6500,First,49.56,918.45,49.32,918.56,0.264007575648842
634,Closest Pair,set1,6600,First,49.56,918.45,49.32,918.56,0.264007575648842
635,Closest Pair,set1,6700,First,49.56,918.45,49.32,918.56,0.264007575648842
636,Closest Pair,set1,6800,First,49.56,918.45,49.32,918.56,0.264007575648842
637,Closest Pair,set1,6900,First,49.56,918.45,49.32,918.56,0.264007575648842
638,Closest Pair,set1,7000,First,49.56,918.45,49.32,918.56,0.264007575648842
639,Closest Pair,set1,7100,First,342.25,588.62,342.46,588.66,0.213775583264293
640,Closest Pair,set1,7200,First,342.25,588.62,342.46,588.66,0.213775583264293
641,Closest Pair,set1,7300,First,342.25,588.62,342.46,588.66,0.213775583264293
642,Closest Pair,set1,7400,First,342.25,588.62,342.46,588.66,0.213775583264293
643,Closest Pair,set1,7500,First,783.89,655.2,783.86,655.12,0.0854400374532041
644,Closest Pair,set1,7600,First,783.89,655.2,783.86,655.12,0.0854400374532041
645,Closest Pair,set1,7700,First,783.89,655.2,783.86,655.12,0.0854400374532041
646,Closest Pair,set1,7800,First,783.89,655.2,783.86,655.12,0.0854400374532041
647,Closest Pair,set1,7900,First,783.89,655.2,783.86,655.12,0.0854400374532041
648,Closest Pair,set1,8000,First,783.89,655.2,783.86,655.12,0.0854400374532041
649,Closest Pair,set1,8100,First,783.89,655.2,783.86,655.12,0.0854400374532041
650,Closest Pair,set1,8200,First,783.89,655.2,783.86,655.12,0.0854400374532041
651,Closest Pair,set1,8300,First,783.89,655.2,783.86,655.12,0.0854400374532041
652,Closest Pair,set1,8400,First,783.89,655.2,783.86,655.12,0.0854400374532041
653,Closest Pair,set1,8500,First,783.89,655.2,783.86,655.12,0.0854400374532041
654,Closest Pair,set1,8600,First,783.89,655.2,783.86,655.12,0.0854400374532041
655,Closest Pair,set1,8700,First,783.89,655.2,783.86,655.12,0.0854400374532041
656,Closest Pair,set1,8800,First,783.89,655.2,783.86,655.12,0.0854400374532041
657,Closest Pair,set1,8900,First,783.89,655.2,783.86,655.12,0.0854400374532041
658,Closest Pair,set1,9000,First,783.89,655.2,783.86,655.12,0.0854400374532041
659,Closest Pair,set1,9100,First,783.89,655.2,783.86,655.12,0.0854400374532041
660,Closest Pair,set1,9200,First,783.89,655.2,783.86,655.12,0.0854400374532041
661,Closest Pair,set1,9300,First,783.89,655.2,783.86,655.12,0.0854400374532041
662,Closest Pair,set1,9400,First,783.89,655.2,783.86,655.12,0.0854400374532041
663,Closest Pair,set1,9500,First,783.89,655.2,783.86,655.12,0.0854400374532041
664,Closest Pair,set1,9600,First,783.89,655.2,783.86,655.12,0.0854400374532041
665,Closest Pair,set1,9700,First,783.89,655.2,783.86,655.12,0.0854400374532041
666,Closest Pair,set1,9800,First,783.89,655.2,783.86,655.12,0.0854400374532041
667,Closest Pair,set1,9900,First,783.89,655.2,783.86,655.12,0.0854400374532041
668,Closest Pair,set1,10000,First,783.89,655.2,783.86,655.12,0.0854400374532041
669,Closest Pair,set1,100,Median Of Three,323.55,362.58,324.2,360.89,1.81069047603393
670,Closest Pair,set1,200,Median Of Three,323.55,362.58,324.2,360.89,1.81069047603393
671,Closest Pair,set1,300,Median Of Three,323.55,362.58,324.2,360.89,1.81069047603393
672,Closest Pair,set1,400,Median Of Three,323.55,362.58,324.2,360.89,1.81069047603393
673,Closest Pair,set1,500,Median Of Three,323.55,362.58,324.2,360.89,1.81069047603393
674,Closest Pair,set1,600,Median Of Three,323.55,362.58,324.2,360.89,1.81069047603393
675,Closest Pair,set1,700,Median Of Three,323.55,362.58,324.2,360.89,1.81069047603393
676,Closest Pair,set1,800,Median Of Three,32.13,168.08,32.67,167.25,0.990201999594032
677,Closest Pair,set1,900,Median Of Three,200.74,791.93,200.46,792.59,0.716937933157473
678,Closest Pair,set1,1000,Median Of Three,200.74,791.93,200.46,792.59,0.716937933157473
679,Closest Pair,set1,1100,Median Of Three,200.74,791.93,200.46,792.59,0.716937933157473
680,Closest Pair,set1,1200,Median Of Three,726.82,699.24,726.39,699.35,0.443846820423508
681,Closest Pair,set1,1300,Median Of Three,726.82,699.24,726.39,699.35,0.443846820423508
682,Closest Pair,set1,1400,Median Of Three,726.82,699.24,726.39,699.35,0.443846820423508
683,Closest Pair,set1,1500,Median Of Three,726.82,699.24,726.39,699.35,0.443846820423508
684,Closest Pair,set1,1600,Median Of Three,726.82,699.24,726.39,699.35,0.443846820423508
685,Closest Pair,set1,1700,Median Of Three,726.82,699.24,726.39,699.35,0.443846820423508
686,Closest Pair,set1,1800,Median Of Three,726.82,699.24,726.39,699.35,0.443846820423508
687,Closest Pair,set1,1900,Median Of Three,726.82,699.24,726.39,699.35,0.443846820423508
688,Closest Pair,set1,2000,Median Of Three,726.82,699.24,726.39,699.35,0.443846820423508
689,Closest Pair,set1,2100,Median Of Three,726.82,699.24,726.39,699.35,0.443846820423508
690,Closest Pair,set1,2200,Median Of Three,726.82,699.24,726.39,699.35,0.443846820423508
691,Closest Pair,set1,2300,Median Of Three,726.82,699.24,726.39,699.35,0.443846820423508
692,Closest Pair,set1,2400,Median Of Three,726.82,699.24,726.39,699.35,0.443846820423508
693,Closest Pair,set1,2500,Median Of Three,726.82,699.24,726.39,699.35,0.443846820423508
694,Closest Pair,set1,2600,Median Of Three,726.82,699.24,726.39,699.35,0.443846820423508
695,Closest Pair,set1,2700,Median Of Three,726.82,699.24,726.39,699.35,0.443846820423508
696,Closest Pair,set1,2800,Median Of Three,726.82,699.24,726.39,699.35,0.443846820423508
697,Closest Pair,set1,2900,Median Of Three,726.82,699.24,726.39,699.35,0.443846820423508
698,Closest Pair,set1,3000,Median Of Three,726.82,699.24,726.39,699.35,0.443846820423508
699,Closest Pair,set1,3100,Median Of Three,726.82,699.24,726.39,699.35,0.443846820423508
700,Closest Pair,set1,3200,Median Of Three,726.82,699.24,726.39,699.35,0.443846820423508
701,Closest Pair,set1,3300,Median Of Three,726.82,699.24,726.39,699.35,0.443846820423508
702,Closest Pair,set1,3400,Median Of Three,726.82,699.24,726.39,699.35,0.443846820423508
703,Closest Pair,set1,3500,Median Of Three,726.82,699.24,726.39,699.35,0.443846820423508
704,Closest Pair,set1,3600,Median Of Three,726.82,699.24,726.39,699.35,0.443846820423508
705,Closest Pair,set1,3700,Median Of Three,726.82,699.24,726.39,699.35,0.443846820423508
706,Closest Pair,set1,3800,Median Of Three,726.82,699.24,726.39,699.35,0.443846820423508
707,Closest Pair,set1,3900,Median Of Three,726.82,699.24,726.39,699.35,0.443846820423508
708,Closest Pair,set1,4000,Median Of Three,726.82,699.24,726.39,699.35,0.443846820423508
709,Closest Pair,set1,4100,Median Of Three,726.82,699.24,726.39,699.35,0.443846820423508
710,Closest Pair,set1,4200,Median Of Three,807.84,125.52,807.93,125.26,0.275136329843917
711,Closest Pair,set1,4300,Median Of Three,807.84,125.52,807.93,125.26,0.275136329843917
712,Closest Pair,set1,4400,Median Of Three,807.84,125.52,807.93,125.26,0.275136329843917
713,Closest Pair,set1,4500,Median Of Three,807.84,125.52,807.93,125.26,0.275136329843917
714,Closest Pair,set1,4600,Median Of Three,807.84,125.52,807.93,125.26,0.275136329843917
715,Closest Pair,set1,4700,Median Of Three,807.84,125.52,807.93,125.26,0.275136329843917
716,Closest Pair,set1,4800,Median Of Three,807.84,125.52,807.93,125.26,0.275136329843917
717,Closest Pair,set1,4900,Median Of Three,807.84,125.52,807.93,125.26,0.275136329843917
718,Closest Pair,set1,5000,Median Of Three,807.84,125.52,807.93,125.26,0.275136329843917
719,Closest Pair,set1,5100,Median Of Three,807.84,125.52,807.93,125.26,0.275136329843917
720,Closest Pair,set1,5200,Median Of Three,807.84,125.52,807.93,125.26,0.275136329843917
721,Closest Pair,set1,5300,Median Of Three,807.84,125.52,807.93,125.26,0.275136329843917
722,Closest Pair,set1,5400,Median Of Three,807.84,125.52,807.93,125.26,0.275136329843917
723,Closest Pair,set1,5500,Median Of Three,807.84,125.52,807.93,125.26,0.275136329843917
724,Closest Pair,set1,5600,Median Of Three,807.84,125.52,807.93,125.26,0.275136329843917
725,Closest Pair,set1,5700,Median Of Three,807.84,125.52,807.93,125.26,0.275136329843917
726,Closest Pair,set1,5800,Median Of Three,807.84,125.52,807.93,125.26,0.275136329843917
727,Closest Pair,set1,5900,Median Of Three,807.84,125.52,807.93,125.26,0.275136329843917
728,Closest Pair,set1,6000,Median Of Three,807.84,125.52,807.93,125.26,0.275136329843917
729,Closest Pair,set1,6100,Median Of Three,49.56,918.45,49.32,918.56,0.264007575648842
730,Closest Pair,set1,6200,Median Of Three,49.56,918.45,49.32,918.56,0.264007575648842
731,Closest Pair,set1,6300,Median Of Three,49.56,918.45,49.32,918.56,0.264007575648842
732,Closest Pair,set1,6400,Median Of Three,49.56,918.45,49.32,918.56,0.264007575648842
733,Closest Pair,set1,6500,Median Of Three,49.56,918.45,49.32,918.56,0.264007575648842
734,Closest Pair,set1,6600,Median Of Three,49.56,918.45,49.32,918.56,0.264007575648842
735,Closest Pair,set1,6700,Median Of Three,49.56,918.45,49.32,918.56,0.264007575648842
736,Closest Pair,set1,6800,Median Of Three,49.56,918.45,49.32,918.56,0.264007575648842
737,Closest Pair,set1,6900,Median Of Three,49.56,918.45,49.32,918.56,0.264007575648842
738,Closest Pair,set1,7000,Median Of Three,49.56,918.45,49.32,918.56,0.264007575648842
739,Closest Pair,set1,7100,Median Of Three,342.25,588.62,342.46,588.66,0.213775583264293
740,Closest Pair,set1,7200,Median Of Three,342.25,588.62,342.46,588.66,0.213775583264293
741,Closest Pair,set1,7300,Median Of Three,342.25,588.62,342.46,588.66,0.213775583264293
742,Closest Pair,set1,7400,Median Of Three,342.25,588.62,342.46,588.66,0.213775583264293
743,Closest Pair,set1,7500,Median Of Three,783.89,655.2,783.86,655.12,0.0854400374532041
744,Closest Pair,set1,7600,Median Of Three,783.89,655.2,783.86,655.12,0.0854400374532041
745,Closest Pair,set1,7700,Median Of Three,783.89,655.2,783.86,655.12,0.0854400374532041
746,Closest Pair,set1,7800,Median Of Three,783.89,655.2,783.86,655.12,0.0854400374532041
747,Closest Pair,set1,7900,Median Of Three,783.89,655.2,783.86,655.12,0.0854400374532041
748,Closest Pair,set1,8000,Median Of Three,783.89,655.2,783.86,655.12,0.0854400374532041
749,Closest Pair,set1,8100,Median Of Three,783.89,655.2,783.86,655.12,0.0854400374532041
750,Closest Pair,set1,8200,Median Of Three,783.89,655.2,783.86,655.12,0.0854400374532041
751,Closest Pair,set1,8300,Median Of Three,783.89,655.2,783.86,655.12,0.0854400374532041
752,Closest Pair,set1,8400,Median Of Three,783.89,655.2,783.86,655.12,0.0854400374532041
753,Closest Pair,set1,8500,Median Of Three,783.89,655.2,783.86,655.12,0.0854400374532041
754,Closest Pair,set1,8600,Median Of Three,783.89,655.2,783.86,655.12,0.0854400374532041
755,Closest Pair,set1,8700,Median Of Three,783.89,655.2,783.86,655.12,0.0854400374532041
756,Closest Pair,set1,8800,Median Of Three,783.89,655.2,783.86,655.12,0.0854400374532041
757,Closest Pair,set1,8900,Median Of Three,783.89,655.2,783.86,655.12,0.0854400374532041
758,Closest Pair,set1,9000,Median Of Three,783.89,655.2,783.86,655.12,0.0854400374532041
759,Closest Pair,set1,9100,Median Of Three,783.89,655.2,783.86,655.12,0.0854400374532041
760,Closest Pair,set1,9200,Median Of Three,783.89,655.2,783.86,655.12,0.0854400374532041
761,Closest Pair,set1,9300,Median Of Three,783.89,655.2,783.86,655.12,0.0854400374532041
762,Closest Pair,set1,9400,Median Of Three,783.89,655.2,783.86,655.12,0.0854400374532041
763,Closest Pair,set1,9500,Median Of Three,783.89,655.2,783.86,655.12,0.0854400374532041
764,Closest Pair,set1,9600,Median Of Three,783.89,655.2,783.86,655.12,0.0854400374532041
765,Closest Pair,set1,9700,Median Of Three,783.89,655.2,783.86,655.12,0.0854400374532041
766,Closest Pair,set1,9800,Median Of Three,783.89,655.2,783.86,655.12,0.0854400374532041
767,Closest Pair,set1,9900,Median Of Three,783.89,655.2,783.86,655.12,0.0854400374532041
768,Closest Pair,set1,10000,Median Of Three,783.89,655.2,783.86,655.12,0.0854400374532041
769,Closest Pair,set1,100,Brute Force,323.55,362.58,324.2,360.89,1.81069047603393
770,Closest Pair,set1,200,Brute Force,323.55,362.58,324.2,360.89,1.81069047603393
771,Closest Pair,set1,300,Brute Force,323.55,362.58,324.2,360.89,1.81069047603393
772,Closest Pair,set1,400,Brute Force,323.55,362.58,324.2,360.89,1.81069047603393
773,Closest Pair,set1,500,Brute Force,323.55,362.58,324.2,360.89,1.81069047603393
774,Closest Pair,set1,600,Brute Force,323.55,362.58,324.2,360.89,1.81069047603393
775,Closest Pair,set1,700,Brute Force,323.55,362.58,324.2,360.89,1.81069047603393
776,Closest Pair,set1,800,Brute Force,32.13,168.08,32.67,167.25,0.990201999594032
777,Closest Pair,set1,900,Brute Force,200.74,791.93,200.46,792.59,0.716937933157473
778,Closest Pair,set1,1000,Brute Force,200.74,791.93,200.46,792.59,0.716937933157473
779,Closest Pair,set1,1100,Brute Force,200.74,791.93,200.46,792.59,0.716937933157473
780,Closest Pair,set1,1200,Brute Force,726.82,699.24,726.39,699.35,0.443846820423508
781,Closest Pair,set1,1300,Brute Force,726.82,699.24,726.39,699.35,0.443846820423508
782,Closest Pair,set1,1400,Brute Force,726.82,699.24,726.39,699.35,0.443846820423508
783,Closest Pair,set1,1500,Brute Force,726.82,699.24,726.39,699.35,0.443846820423508
784,Closest Pair,set1,1600,Brute Force,726.82,699.24,726.39,699.35,0.443846820423508
785,Closest Pair,set1,1700,Brute Force,726.82,699.24,726.39,699.35,0.443846820423508
786,Closest Pair,set1,1800,Brute Force,726.82,699.24,726.39,699.35,0.443846820423508
787,Closest Pair,set1,1900,Brute Force,726.82,699.24,726.39,699.35,0.443846820423508
788,Closest Pair,set1,2000,Brute Force,726.82,699.24,726.39,699.35,0.443846820423508
789,Closest Pair,set1,2100,Brute Force,726.82,699.24,726.39,699.35,0.443846820423508
790,Closest Pair,set1,2200,Brute Force,726.82,699.24,726.39,699.35,0.443846820423508
791,Closest Pair,set1,2300,Brute Force,726.82,699.24,726.39,699.35,0.443846820423508
792,Closest Pair,set1,2400,Brute Force,726.82,699.24,726.39,699.35,0.443846820423508
793,Closest Pair,set1,2500,Brute Force,726.82,699.24,726.39,699.35,0.443846820423508
794,Closest Pair,set1,2600,Brute Force,726.82,699.24,726.39,699.35,0.443846820423508
795,Closest Pair,set1,2700,Brute Force,726.82,699.24,726.39,699.35,0.443846820423508
796,Closest Pair,set1,2800,Brute Force,726.82,699.24,726.39,699.35,0.443846820423508
797,Closest Pair,set1,2900,Brute Force,726.82,699.24,726.39,699.35,0.443846820423508
798,Closest Pair,set1,3000,Brute Force,726.82,699.24,726.39,699.35,0.443846820423508
799,Closest Pair,set1,3100,Brute Force,726.82,699.24,726.39,699.35,0.443846820423508
800,Closest Pair,set1,3200,Brute Force,726.82,699.24,726.39,699.35,0.443846820423508
801,Closest Pair,set1,3300,Brute Force,726.82,699.24,726.39,699.35,0.443846820423508
802,Closest Pair,set1,3400,Brute Force,726.82,699.24,726.39,699.35,0.443846820423508
803,Closest Pair,set1,3500,Brute Force,726.82,699.24,726.39,699.35,0.443846820423508
804,Closest Pair,set1,3600,Brute Force,726.82,699.24,726.39,699.35,0.443846820423508
805,Closest Pair,set1,3700,Brute Force,726.82,699.24,726.39,699.35,0.443846820423508
806,Closest Pair,set1,3800,Brute Force,726.82,699.24,726.39,699.35,0.443846820423508
807,Closest Pair,set1,3900,Brute Force,726.82,699.24,726.39,699.35,0.443846820423508
808,Closest Pair,set1,4000,Brute Force,726.82,699.24,726.39,699.35,0.443846820423508
809,Closest Pair,set1,4100,Brute Force,726.82,699.24,726.39,699.35,0.443846820423508
810,Closest Pair,set1,4200,Brute Force,807.84,125.52,807.93,125.26,0.275136329843917
811,Closest Pair,set1,4300,Brute Force,807.84,125.52,807.93,125.26,0.275136329843917
812,Closest Pair,set1,4400,Brute Force,807.84,125.52,807.93,125.26,0.275136329843917
813,Closest Pair,set1,4500,Brute Force,807.84,125.52,807.93,125.26,0.275136329843917
814,Closest Pair,set1,4600,Brute Force,807.84,125.52,807.93,125.26,0.275136329843917
815,Closest Pair,set1,4700,Brute Force,807.84,125.52,807.93,125.26,0.275136329843917
816,Closest Pair,set1,4800,Brute Force,807.84,125.52,807.93,125.26,0.275136329843917
817,Closest Pair,set1,4900,Brute Force,807.84,125.52,807.93,125.26,0.275136329843917
818,Closest Pair,set1,5000,Brute Force,807.84,125.52,807.93,125.26,0.275136329843917
819,Closest Pair,set1,5100,Brute Force,807.84,125.52,807.93,125.26,0.275136329843917
820,Closest Pair,set1,5200,Brute Force,807.84,125.52,807.93,125.26,0.275136329843917
821,Closest Pair,set1,5300,Brute Force,807.84,125.52,807.93,125.26,0.275136329843917
822,Closest Pair,set1,5400,Brute Force,807.84,125.52,807.93,125.26,0.275136329843917
823,Closest Pair,set1,5500,Brute Force,807.84,125.52,807.93,125.26,0.275136329843917
824,Closest Pair,set1,5600,Brute Force,807.84,125.52,807.93,125.26,0.275136329843917
825,Closest Pair,set1,5700,Brute Force,807.84,125.52,807.93,125.26,0.275136329843917
826,Closest Pair,set1,5800,Brute Force,807.84,125.52,807.93,125.26,0.275136329843917
827,Closest Pair,set1,5900,Brute Force,807.84,125.52,807.93,125.26,0.275136329843917
828,Closest Pair,set1,6000,Brute Force,807.84,125.52,807.93,125.26,0.275136329843917
829,Closest Pair,set1,6100,Brute Force,49.56,918.45,49.32,918.56,0.264007575648842
830,Closest Pair,set1,6200,Brute Force,49.56,918.45,49.32,918.56,0.264007575648842
831,Closest Pair,set1,6300,Brute Force,49.56,918.45,49.32,918.56,0.264007575648842
832,Closest Pair,set1,6400,Brute Force,49.56,918.45,49.32,918.56,0.264007575648842
833,Closest Pair,set1,6500,Brute Force,49.56,918.45,49.32,918.56,0.264007575648842
834,Closest Pair,set1,6600,Brute Force,49.56,918.45,49.32,918.56,0.264007575648842
835,Closest Pair,set1,6700,Brute Force,49.56,918.45,49.32,918.56,0.264007575648842
836,Closest Pair,set1,6800,Brute Force,49.56,918.45,49.32,918.56,0.264007575648842
837,Closest Pair,set1,6900,Brute Force,49.56,918.45,49.32,918.56,0.264007575648842
838,Closest Pair,set1,7000,Brute Force,49.56,918.45,49.32,918.56,0.264007575648842
839,Closest Pair,set1,7100,Brute Force,342.25,588.62,342.46,588.66,0.213775583264293
840,Closest Pair,set1,7200,Brute Force,342.25,588.62,342.46,588.66,0.213775583264293
841,Closest Pair,set1,7300,Brute Force,342.25,588.62,342.46,588.66,0.213775583264293
842,Closest Pair,set1,7400,Brute Force,342.25,588.62,342.46,588.66,0.213775583264293
843,Closest Pair,set1,7500,Brute Force,783.89,655.2,783.86,655.12,0.0854400374532041
844,Closest Pair,set1,7600,Brute Force,783.89,655.2,783.86,655.12,0.0854400374532041
845,Closest Pair,set1,7700,Brute Force,783.89,655.2,783.86,655.12,0.0854400374532041
846,Closest Pair,set1,7800,Brute Force,783.89,655.2,783.86,655.12,0.0854400374532041
847,Closest Pair,set1,7900,Brute Force,783.89,655.2,783.86,655.12,0.0854400374532041
848,Closest Pair,set1,8000,Brute Force,783.89,655.2,783.86,655.12,0.0854400374532041
849,Closest Pair,set1,8100,Brute Force,783.89,655.2,783.86,655.12,0.0854400374532041
850,Closest Pair,set1,8200,Brute Force,783.89,655.2,783.86,655.12,0.0854400374532041
851,Closest Pair,set1,8300,Brute Force,783.89,655.2,783.86,655.12,0.0854400374532041
852,Closest Pair,set1,8400,Brute Force,783.89,655.2,783.86,655.12,0.0854400374532041
853,Closest Pair,set1,8500,Brute Force,783.89,655.2,783.86,655.12,0.0854400374532041
854,Closest Pair,set1,8600,Brute Force,783.89,655.2,783.86,655.12,0.0854400374532041
855,Closest Pair,set1,8700,Brute Force,783.89,655.2,783.86,655.12,0.0854400374532041
856,Closest Pair,set1,8800,Brute Force,783.89,655.2,783.86,655.12,0.0854400374532041
857,Closest Pair,set1,8900,Brute Force,783.89,655.2,783.86,655.12,0.0854400374532041
858,Closest Pair,set1,9000,Brute Force,783.89,655.2,783.86,655.12,0.0854400374532041
859,Closest Pair,set1,9100,Brute Force,783.89,655.2,783.86,655.12,0.0854400374532041
860,Closest Pair,set1,9200,Brute Force,783.89,655.2,783.86,655.12,0.0854400374532041
861,Closest Pair,set1,9300,Brute Force,783.89,655.2,783.86,655.12,0.0854400374532041
862,Closest Pair,set1,9400,Brute Force,783.89,655.2,783.86,655.12,0.0854400374532041
863,Closest Pair,set1,9500,Brute Force,783.89,655.2,783.86,655.12,0.0854400374532041
864,Closest Pair,set1,9600,Brute Force,783.89,655.2,783.86,655.12,0.0854400374532041
865,Closest Pair,set1,9700,Brute Force,783.89,655.2,783.86,655.12,0.0854400374532041
866,Closest Pair,set1,9800,Brute Force,783.89,655.2,783.86,655.12,0.0854400374532041
867,Closest Pair,set1,9900,Brute Force,783.89,655.2,783.86,655.12,0.0854400374532041
868,Closest Pair,set1,10000,Brute Force,783.89,655.2,783.86,655.12,0.0854400374532041
869,Closest Pair,set2,100,Random,5.28,210.15,5.97,211,1.09480591887329
870,Closest Pair,set2,200,Random,8.62,609.42,8.99,609.16,0.452216762183796
871,Closest Pair,set2,300,Random,8.62,609.42,8.99,609.16,0.452216762183796
872,Closest Pair,set2,400,Random,8.62,609.42,8.99,609.16,0.452216762183796
873,Closest Pair,set2,500,Random,49.32,918.56,49.56,918.45,0.264007575648842
874,Closest Pair,set2,600,Random,49.32,918.56,49.56,918.45,0.264007575648842
875,Closest Pair,set2,700,Random,49.32,918.56,49.56,918.45,0.264007575648842
876,Closest Pair,set2,800,Random,49.32,918.56,49.56,918.45,0.264007575648842
877,Closest Pair,set2,900,Random,49.32,918.56,49.56,918.45,0.264007575648842
878,Closest Pair,set2,1000,Random,49.32,918.56,49.56,918.45,0.264007575648842
879,Closest Pair,set2,1100,Random,49.32,918.56,49.56,918.45,0.264007575648842
880,Closest Pair,set2,1200,Random,49.32,918.56,49.56,918.45,0.264007575648842
881,Closest Pair,set2,1300,Random,49.32,918.56,49.56,918.45,0.264007575648842
882,Closest Pair,set2,1400,Random,49.32,918.56,49.56,918.45,0.264007575648842
883,Closest Pair,set2,1500,Random,49.32,918.56,49.56,918.45,0.264007575648842
884,Closest Pair,set2,1600,Random,49.32,918.56,49.56,918.45,0.264007575648842
885,Closest Pair,set2,1700,Random,49.32,918.56,49.56,918.45,0.264007575648842
886,Closest Pair,set2,1800,Random,49.32,918.56,49.56,918.45,0.264007575648842
887,Closest Pair,set2,1900,Random,49.32,918.56,49.56,918.45,0.264007575648842
888,Closest Pair,set2,2000,Random,49.32,918.56,49.56,918.45,0.264007575648842
889,Closest Pair,set2,2100,Random,49.32,918.56,49.56,918.45,0.264007575648842
890,Closest Pair,set2,2200,Random,49.32,918.56,49.56,918.45,0.264007575648842
891,Closest Pair,set2,2300,Random,49.32,918.56,49.56,918.45,0.264007575648842
892,Closest Pair,set2,2400,Random,49.32,918.56,49.56,918.45,0.264007575648842
893,Closest Pair,set2,2500,Random,49.32,918.56,49.56,918.45,0.264007575648842
894,Closest Pair,set2,2600,Random,49.32,918.56,49.56,918.45,0.264007575648842
895,Closest Pair,set2,2700,Random,49.32,918.56,49.56,918.45,0.264007575648842
896,Closest Pair,set2,2800,Random,49.32,918.56,49.56,918.45,0.264007575648842
897,Closest Pair,set2,2900,Random,49.32,918.56,49.56,918.45,0.264007575648842
898,Closest Pair,set2,3000,Random,49.32,918.56,49.56,918.45,0.264007575648842
899,Closest Pair,set2,3100,Random,49.32,918.56,49.56,918.45,0.264007575648842
900,Closest Pair,set2,3200,Random,307.98,671.99,308.07,672.07,0.120415945787931
901,Closest Pair,set2,3300,Random,307.98,671.99,308.07,672.07,0.120415945787931
902,Closest Pair,set2,3400,Random,307.98,671.99,308.07,672.07,0.120415945787931
903,Closest Pair,set2,3500,Random,307.98,671.99,308.07,672.07,0.120415945787931
904,Closest Pair,set2,3600,Random,307.98,671.99,308.07,672.07,0.120415945787931
905,Closest Pair,set2,3700,Random,307.98,671.99,308.07,672.07,0.120415945787931
906,Closest Pair,set2,3800,Random,307.98,671.99,308.07,672.07,0.120415945787931
907,Closest Pair,set2,3900,Random,307.98,671.99,308.07,672.07,0.120415945787931
908,Closest Pair,set2,4000,Random,307.98,671.99,308.07,672.07,0.120415945787931
909,Closest Pair,set2,4100,Random,307.98,671.99,308.07,672.07,0.120415945787931
910,Closest Pair,set2,4200,Random,307.98,671.99,308.07,672.07,0.120415945787931
911,Closest Pair,set2,4300,Random,307.98,671.99,308.07,672.07,0.120415945787931
912,Closest Pair,set2,4400,Random,307.98,671.99,308.07,672.07,0.120415945787931
913,Closest Pair,set2,4500,Random,307.98,671.99,308.07,672.07,0.120415945787931
914,Closest Pair,set2,4600,Random,307.98,671.99,308.07,672.07,0.120415945787931
915,Closest Pair,set2,4700,Random,307.98,671.99,308.07,672.07,0.120415945787931
916,Closest Pair,set2,4800,Random,307.98,671.99,308.07,672.07,0.120415945787931
917,Closest Pair,set2,4900,Random,307.98,671.99,308.07,672.07,0.120415945787931
918,Closest Pair,set2,5000,Random,307.98,671.99,308.07,672.07,0.120415945787931
919,Closest Pair,set2,5100,Random,307.98,671.99,308.07,672.07,0.120415945787931
920,Closest Pair,set2,5200,Random,307.98,671.99,308.07,672.07,0.120415945787931
921,Closest Pair,set2,5300,Random,307.98,671.99,308.07,672.07,0.120415945787931
922,Closest Pair,set2,5400,Random,307.98,671.99,308.07,672.07,0.120415945787931
923,Closest Pair,set2,5500,Random,307.98,671.99,308.07,672.07,0.120415945787931
924,Closest Pair,set2,5600,Random,307.98,671.99,308.07,672.07,0.120415945787931
925,Closest Pair,set2,5700,Random,307.98,671.99,308.07,672.07,0.120415945787931
926,Closest Pair,set2,5800,Random,307.98,671.99,308.07,672.07,0.120415945787931
927,Closest Pair,set2,5900,Random,307.98,671.99,308.07,672.07,0.120415945787931
928,Closest Pair,set2,6000,Random,307.98,671.99,308.07,672.07,0.120415945787931
929,Closest Pair,set2,6100,Random,307.98,671.99,308.07,672.07,0.120415945787931
930,Closest Pair,set2,6200,Random,307.98,671.99,308.07,672.07,0.120415945787931
931,Closest Pair,set2,6300,Random,307.98,671.99,308.07,672.07,0.120415945787931
932,Closest Pair,set2,6400,Random,307.98,671.99,308.07,672.07,0.120415945787931
933,Closest Pair,set2,6500,Random,307.98,671.99,308.07,672.07,0.120415945787931
934,Closest Pair,set2,6600,Random,307.98,671.99,308.07,672.07,0.120415945787931
935,Closest Pair,set2,6700,Random,307.98,671.99,308.07,672.07,0.120415945787931
936,Closest Pair,set2,6800,Random,307.98,671.99,308.07,672.07,0.120415945787931
937,Closest Pair,set2,6900,Random,307.98,671.99,308.07,672.07,0.120415945787931
938,Closest Pair,set2,7000,Random,307.98,671.99,308.07,672.07,0.120415945787931
939,Closest Pair,set2,7100,Random,307.98,671.99,308.07,672.07,0.120415945787931
940,Closest Pair,set2,7200,Random,307.98,671.99,308.07,672.07,0.120415945787931
941,Closest Pair,set2,7300,Random,307.98,671.99,308.07,672.07,0.120415945787931
942,Closest Pair,set2,7400,Random,307.98,671.99,308.07,672.07,0.120415945787931
943,Closest Pair,set2,7500,Random,307.98,671.99,308.07,672.07,0.120415945787931
944,Closest Pair,set2,7600,Random,307.98,671.99,308.07,672.07,0.120415945787931
945,Closest Pair,set2,7700,Random,307.98,671.99,308.07,672.07,0.120415945787931
946,Closest Pair,set2,7800,Random,307.98,671.99,308.07,672.07,0.120415945787931
947,Closest Pair,set2,7900,Random,783.86,655.12,783.89,655.2,0.0854400374532041
948,Closest Pair,set2,8000,Random,783.86,655.12,783.89,655.2,0.0854400374532041
949,Closest Pair,set2,8100,Random,783.86,655.12,783.89,655.2,0.0854400374532041
950,Closest Pair,set2,8200,Random,783.86,655.12,783.89,655.2,0.0854400374532041
951,Closest Pair,set2,8300,Random,783.86,655.12,783.89,655.2,0.0854400374532041
952,Closest Pair,set2,8400,Random,783.86,655.12,783.89,655.2,0.0854400374532041
953,Closest Pair,set2,8500,Random,783.86,655.12,783.89,655.2,0.0854400374532041
954,Closest Pair,set2,8600,Random,783.86,655.12,783.89,655.2,0.0854400374532041
955,Closest Pair,set2,8700,Random,783.86,655.12,783.89,655.2,0.0854400374532041
956,Closest Pair,set2,8800,Random,783.86,655.12,783.89,655.2,0.0854400374532041
957,Closest Pair,set2,8900,Random,783.86,655.12,783.89,655.2,0.0854400374532041
958,Closest Pair,set2,9000,Random,783.86,655.12,783.89,655.2,0.0854400374532041
959,Closest Pair,set2,9100,Random,783.86,655.12,783.89,655.2,0.0854400374532041
960,Closest Pair,set2,9200,Random,783.86,655.12,783.89,655.2,0.0854400374532041
961,Closest Pair,set2,9300,Random,783.86,655.12,783.89,655.2,0.0854400374532041
962,Closest Pair,set2,9400,Random,783.86,655.12,783.89,655.2,0.0854400374532041
963,Closest Pair,set2,9500,Random,783.86,655.12,783.89,655.2,0.0854400374532041
964,Closest Pair,set2,9600,Random,783.86,655.12,783.89,655.2,0.0854400374532041
965,Closest Pair,set2,9700,Random,783.86,655.12,783.89,655.2,0.0854400374532041
966,Closest Pair,set2,9800,Random,783.86,655.12,783.89,655.2,0.0854400374532041
967,Closest Pair,set2,9900,Random,783.86,655.12,783.89,655.2,0.0854400374532041
968,Closest Pair,set2,10000,Random,783.86,655.12,783.89,655.2,0.0854400374532041
969,Closest Pair,set2,100,First,5.28,210.15,5.97,211,1.09480591887329
970,Closest Pair,set2,200,First,8.62,609.42,8.99,609.16,0.452216762183796
971,Closest Pair,set2,300,First,8.62,609.42,8.99,609.16,0.452216762183796
972,Closest Pair,set2,400,First,8.62,609.42,8.99,609.16,0.452216762183796
973,Closest Pair,set2,500,First,49.32,918.56,49.56,918.45,0.264007575648842
974,Closest Pair,set2,600,First,49.32,918.56,49.56,918.45,0.264007575648842
975,Closest Pair,set2,700,First,49.32,918.56,49.56,918.45,0.264007575648842
976,Closest Pair,set2,800,First,49.32,918.56,49.56,918.45,0.264007575648842
977,Closest Pair,set2,900,First,49.32,918.56,49.56,918.45,0.264007575648842
978,Closest Pair,set2,1000,First,49.32,918.56,49.56,918.45,0.264007575648842
979,Closest Pair,set2,1100,First,49.32,918.56,49.56,918.45,0.264007575648842
980,Closest Pair,set2,1200,First,49.32,918.56,49.56,918.45,0.264007575648842
981,Closest Pair,set2,1300,First,49.32,918.56,49.56,918.45,0.264007575648842
982,Closest Pair,set2,1400,First,49.32,918.56,49.56,918.45,0.264007575648842
983,Closest Pair,set2,1500,First,49.32,918.56,49.56,918.45,0.264007575648842
984,Closest Pair,set2,1600,First,49.32,918.56,49.56,918.45,0.264007575648842
985,Closest Pair,set2,1700,First,49.32,918.56,49.56,918.45,0.264007575648842
986,Closest Pair,set2,1800,First,49.32,918.56,49.56,918.45,0.264007575648842
987,Closest Pair,set2,1900,First,49.32,918.56,49.56,918.45,0.264007575648842
988,Closest Pair,set2,2000,First,49.32,918.56,49.56,918.45,0.264007575648842
989,Closest Pair,set2,2100,First,49.32,918.56,49.56,918.45,0.264007575648842
990,Closest Pair,set2,2200,First,49.32,918.56,49.56,918.45,0.264007575648842
991,Closest Pair,set2,2300,First,49.32,918.56,49.56,918.45,0.264007575648842
992,Closest Pair,set2,2400,First,49.32,918.56,49.56,918.45,0.264007575648842
993,Closest Pair,set2,2500,First,49.32,918.56,49.56,918.45,0.264007575648842
994,Closest Pair,set2,2600,First,49.32,918.56,49.56,918.45,0.264007575648842
995,Closest Pair,set2,2700,First,49.32,918.56,49.56,918.45,0.264007575648842
996,Closest Pair,set2,2800,First,49.32,918.56,49.56,918.45,0.264007575648842
997,Closest Pair,set2,2900,First,49.32,918.56,49.56,918.45,0.264007575648842
998,Closest Pair,set2,3000,First,49.32,918.56,49.56,918.45,0.264007575648842
999,Closest Pair,set2,3100,First,49.32,918.56,49.56,918.45,0.264007575648842
1000,Closest Pair,set2,3200,First,307.98,671.99,308.07,672.07,0.120415945787931
1001,Closest Pair,set2,3300,First,307.98,671.99,308.07,672.07,0.120415945787931
1002,Closest Pair,set2,3400,First,307.98,671.99,308.07,672.07,0.120415945787931
1003,Closest Pair,set2,3500,First,307.98,671.99,308.07,672.07,0.120415945787931
1004,Closest Pair,set2,3600,First,307.98,671.99,308.07,672.07,0.120415945787931
1005,Closest Pair,set2,3700,First,307.98,671.99,308.07,672.07,0.120415945787931
1006,Closest Pair,set2,3800,First,307.98,671.99,308.07,672.07,0.120415945787931
1007,Closest Pair,set2,3900,First,307.98,671.99,308.07,672.07,0.120415945787931
1008,Closest Pair,set2,4000,First,307.98,671.99,308.07,672.07,0.120415945787931
1009,Closest Pair,set2,4100,First,307.98,671.99,308.07,672.07,0.120415945787931
1010,Closest Pair,set2,4200,First,307.98,671.99,308.07,672.07,0.120415945787931
1011,Closest Pair,set2,4300,First,307.98,671.99,308.07,672.07,0.120415945787931
1012,Closest Pair,set2,4400,First,307.98,671.99,308.07,672.07,0.120415945787931
1013,Closest Pair,set2,4500,First,307.98,671.99,308.07,672.07,0.120415945787931
1014,Closest Pair,set2,4600,First,307.98,671.99,308.07,672.07,0.120415945787931
1015,Closest Pair,set2,4700,First,307.98,671.99,308.07,672.07,0.120415945787931
1016,Closest Pair,set2,4800,First,307.98,671.99,308.07,672.07,0.120415945787931
1017,Closest Pair,set2,4900,First,307.98,671.99,308.07,672.07,0.120415945787931
1018,Closest Pair,set2,5000,First,307.98,671.99,308.07,672.07,0.120415945787931
1019,Closest Pair,set2,5100,First,307.98,671.99,308.07,672.07,0.120415945787931
1020,Closest Pair,set2,5200,First,307.98,671.99,308.07,672.07,0.120415945787931
1021,Closest Pair,set2,5300,First,307.98,671.99,308.07,672.07,0.120415945787931
1022,Closest Pair,set2,5400,First,307.98,671.99,308.07,672.07,0.120415945787931
1023,Closest Pair,set2,5500,First,307.98,671.99,308.07,672.07,0.120415945787931
1024,Closest Pair,set2,5600,First,307.98,671.99,308.07,672.07,0.120415945787931
1025,Closest Pair,set2,5700,First,307.98,671.99,308.07,672.07,0.120415945787931
1026,Closest Pair,set2,5800,First,307.98,671.99,308.07,672.07,0.120415945787931
1027,Closest Pair,set2,5900,First,307.98,671.99,308.07,672.07,0.120415945787931
1028,Closest Pair,set2,6000,First,307.98,671.99,308.07,672.07,0.120415945787931
1029,Closest Pair,set2,6100,First,307.98,671.99,308.07,672.07,0.120415945787931
1030,Closest Pair,set2,6200,First,307.98,671.99,308.07,672.07,0.120415945787931
1031,Closest Pair,set2,6300,First,307.98,671.99,308.07,672.07,0.120415945787931
1032,Closest Pair,set2,6400,First,307.98,671.99,308.07,672.07,0.120415945787931
1033,Closest Pair,set2,6500,First,307.98,671.99,308.07,672.07,0.120415945787931
1034,Closest Pair,set2,6600,First,307.98,671.99,308.07,672.07,0.120415945787931
1035,Closest Pair,set2,6700,First,307.98,671.99,308.07,672.07,0.120415945787931
1036,Closest Pair,set2,6800,First,307.98,671.99,308.07,672.07,0.120415945787931
1037,Closest Pair,set2,6900,First,307.98,671.99,308.07,672.07,0.120415945787931
1038,Closest Pair,set2,7000,First,307.98,671.99,308.07,672.07,0.120415945787931
1039,Closest Pair,set2,7100,First,307.98,671.99,308.07,672.07,0.120415945787931
1040,Closest Pair,set2,7200,First,307.98,671.99,308.07,672.07,0.120415945787931
1041,Closest Pair,set2,7300,First,307.98,671.99,308.07,672.07,0.120415945787931
1042,Closest Pair,set2,7400,First,307.98,671.99,308.07,672.07,0.120415945787931
1043,Closest Pair,set2,7500,First,307.98,671.99,308.07,672.07,0.120415945787931
1044,Closest Pair,set2,7600,First,307.98,671.99,308.07,672.07,0.120415945787931
1045,Closest Pair,set2,7700,First,307.98,671.99,308.07,672.07,0.120415945787931
1046,Closest Pair,set2,7800,First,307.98,671.99,308.07,672.07,0.120415945787931
1047,Closest Pair,set2,7900,First,783.86,655.12,783.89,655.2,0.0854400374532041
1048,Closest Pair,set2,8000,First,783.86,655.12,783.89,655.2,0.0854400374532041
1049,Closest Pair,set2,8100,First,783.86,655.12,783.89,655.2,0.0854400374532041
1050,Closest Pair,set2,8200,First,783.86,655.12,783.89,655.2,0.0854400374532041
1051,Closest Pair,set2,8300,First,783.86,655.12,783.89,655.2,0.0854400374532041
1052,Closest Pair,set2,8400,First,783.86,655.12,783.89,655.2,0.0854400374532041
1053,Closest Pair,set2,8500,First,783.86,655.12,783.89,655.2,0.0854400374532041
1054,Closest Pair,set2,8600,First,783.86,655.12,783.89,655.2,0.0854400374532041
1055,Closest Pair,set2,8700,First,783.86,655.12,783.89,655.2,0.0854400374532041
1056,Closest Pair,set2,8800,First,783.86,655.12,783.89,655.2,0.0854400374532041
1057,Closest Pair,set2,8900,First,783.86,655.12,783.89,655.2,0.0854400374532041
1058,Closest Pair,set2,9000,First,783.86,655.12,783.89,655.2,0.0854400374532041
1059,Closest Pair,set2,9100,First,783.86,655.12,783.89,655.2,0.0854400374532041
1060,Closest Pair,set2,9200,First,783.86,655.12,783.89,655.2,0.0854400374532041
1061,Closest Pair,set2,9300,First,783.86,655.12,783.89,655.2,0.0854400374532041
1062,Closest Pair,set2,9400,First,783.86,655.12,783.89,655.2,0.0854400374532041
1063,Closest Pair,set2,9500,First,783.86,655.12,783.89,655.2,0.0854400374532041
1064,Closest Pair,set2,9600,First,783.86,655.12,783.89,655.2,0.0854400374532041
1065,Closest Pair,set2,9700,First,783.86,655.12,783.89,655.2,0.0854400374532041
1066,Closest Pair,set2,9800,First,783.86,655.12,783.89,655.2,0.0854400374532041
1067,Closest Pair,set2,9900,First,783.86,655.12,783.89,655.2,0.0854400374532041
1068,Closest Pair,set2,10000,First,783.86,655.12,783.89,655.2,0.0854400374532041
1069,Closest Pair,set2,100,Median Of Three,5.28,210.15,5.97,211,1.09480591887329
1070,Closest Pair,set2,200,Median Of Three,8.62,609.42,8.99,609.16,0.452216762183796
1071,Closest Pair,set2,300,Median Of Three,8.62,609.42,8.99,609.16,0.452216762183796
1072,Closest Pair,set2,400,Median Of Three,8.62,609.42,8.99,609.16,0.452216762183796
1073,Closest Pair,set2,500,Median Of Three,49.32,918.56,49.56,918.45,0.264007575648842
1074,Closest Pair,set2,600,Median Of Three,49.32,918.56,49.56,918.45,0.264007575648842
1075,Closest Pair,set2,700,Median Of Three,49.32,918.56,49.56,918.45,0.264007575648842
1076,Closest Pair,set2,800,Median Of Three,49.32,918.56,49.56,918.45,0.264007575648842
1077,Closest Pair,set2,900,Median Of Three,49.32,918.56,49.56,918.45,0.264007575648842
1078,Closest Pair,set2,1000,Median Of Three,49.32,918.56,49.56,918.45,0.264007575648842
1079,Closest Pair,set2,1100,Median Of Three,49.32,918.56,49.56,918.45,0.264007575648842
1080,Closest Pair,set2,1200,Median Of Three,49.32,918.56,49.56,918.45,0.264007575648842
1081,Closest Pair,set2,1300,Median Of Three,49.32,918.56,49.56,918.45,0.264007575648842
1082,Closest Pair,set2,1400,Median Of Three,49.32,918.56,49.56,918.45,0.264007575648842
1083,Closest Pair,set2,1500,Median Of Three,49.32,918.56,49.56,918.45,0.264007575648842
1084,Closest Pair,set2,1600,Median Of Three,49.32,918.56,49.56,918.45,0.264007575648842
1085,Closest Pair,set2,1700,Median Of Three,49.32,918.56,49.56,918.45,0.264007575648842
1086,Closest Pair,set2,1800,Median Of Three,49.32,918.56,49.56,918.45,0.264007575648842
1087,Closest Pair,set2,1900,Median Of Three,49.32,918.56,49.56,918.45,0.264007575648842
1088,Closest Pair,set2,2000,Median Of Three,49.32,918.56,49.56,918.45,0.264007575648842
1089,Closest Pair,set2,2100,Median Of Three,49.32,918.56,49.56,918.45,0.264007575648842
1090,Closest Pair,set2,2200,Median Of Three,49.32,918.56,49.56,918.45,0.264007575648842
1091,Closest Pair,set2,2300,Median Of Three,49.32,918.56,49.56,918.45,0.264007575648842
1092,Closest Pair,set2,2400,Median Of Three,49.32,918.56,49.56,918.45,0.264007575648842
1093,Closest Pair,set2,2500,Median Of Three,49.32,918.56,49.56,918.45,0.264007575648842
1094,Closest Pair,set2,2600,Median Of Three,49.32,918.56,49.56,918.45,0.264007575648842
1095,Closest Pair,set2,2700,Median Of Three,49.32,918.56,49.56,918.45,0.264007575648842
1096,Closest Pair,set2,2800,Median Of Three,49.32,918.56,49.56,918.45,0.264007575648842
1097,Closest Pair,set2,2900,Median Of Three,49.32,918.56,49.56,918.45,0.264007575648842
1098,Closest Pair,set2,3000,Median Of Three,49.32,918.56,49.56,918.45,0.264007575648842
1099,Closest Pair,set2,3100,Median Of Three,49.32,918.56,49.56,918.45,0.264007575648842
1100,Closest Pair,set2,3200,Median Of Three,307.98,671.99,308.07,672.07,0.120415945787931
1101,Closest Pair,set2,3300,Median Of Three,307.98,671.99,308.07,672.07,0.120415945787931
1102,Closest Pair,set2,3400,Median Of Three,307.98,671.99,308.07,672.07,0.120415945787931
1103,Closest Pair,set2,3500,Median Of Three,307.98,671.99,308.07,672.07,0.120415945787931
1104,Closest Pair,set2,3600,Median Of Three,307.98,671.99,308.07,672.07,0.120415945787931
1105,Closest Pair,set2,3700,Median Of Three,307.98,671.99,308.07,672.07,0.120415945787931
1106,Closest Pair,set2,3800,Median Of Three,307.98,671.99,308.07,672.07,0.120415945787931
1107,Closest Pair,set2,3900,Median Of Three,307.98,671.99,308.07,672.07,0.120415945787931
1108,Closest Pair,set2,4000,Median Of Three,307.98,671.99,308.07,672.07,0.120415945787931
1109,Closest Pair,set2,4100,Median Of Three,307.98,671.99,308.07,672.07,0.120415945787931
1110,Closest Pair,set2,4200,Median Of Three,307.98,671.99,308.07,672.07,0.120415945787931
1111,Closest Pair,set2,4300,Median Of Three,307.98,671.99,308.07,672.07,0.120415945787931
1112,Closest Pair,set2,4400,Median Of Three,307.98,671.99,308.07,672.07,0.120415945787931
1113,Closest Pair,set2,4500,Median Of Three,307.98,671.99,308.07,672.07,0.120415945787931
1114,Closest Pair,set2,4600,Median Of Three,307.98,671.99,308.07,672.07,0.120415945787931
1115,Closest Pair,set2,4700,Median Of Three,307.98,671.99,308.07,672.07,0.120415945787931
1116,Closest Pair,set2,4800,Median Of Three,307.98,671.99,308.07,672.07,0.120415945787931
1117,Closest Pair,set2,4900,Median Of Three,307.98,671.99,308.07,672.07,0.120415945787931
1118,Closest Pair,set2,5000,Median Of Three,307.98,671.99,308.07,672.07,0.120415945787931
1119,Closest Pair,set2,5100,Median Of Three,307.98,671.99,308.07,672.07,0.120415945787931
1120,Closest Pair,set2,5200,Median Of Three,307.98,671.99,308.07,672.07,0.120415945787931
1121,Closest Pair,set2,5300,Median Of Three,307.98,671.99,308.07,672.07,0.120415945787931
1122,Closest Pair,set2,5400,Median Of Three,307.98,671.99,308.07,672.07,0.120415945787931
1123,Closest Pair,set2,5500,Median Of Three,307.98,671.99,308.07,672.07,0.120415945787931
1124,Closest Pair,set2,5600,Median Of Three,307.98,671.99,308.07,672.07,0.120415945787931
1125,Closest Pair,set2,5700,Median Of Three,307.98,671.99,308.07,672.07,0.120415945787931
1126,Closest Pair,set2,5800,Median Of Three,307.98,671.99,308.07,672.07,0.120415945787931
1127,Closest Pair,set2,5900,Median Of Three,307.98,671.99,308.07,672.07,0.120415945787931
1128,Closest Pair,set2,6000,Median Of Three,307.98,671.99,308.07,672.07,0.120415945787931
1129,Closest Pair,set2,6100,Median Of Three,307.98,671.99,308.07,672.07,0.120415945787931
1130,Closest Pair,set2,6200,Median Of Three,307.98,671.99,308.07,672.07,0.120415945787931
1131,Closest Pair,set2,6300,Median Of Three,307.98,671.99,308.07,672.07,0.120415945787931
1132,Closest Pair,set2,6400,Median Of Three,307.98,671.99,308.07,672.07,0.120415945787931
1133,Closest Pair,set2,6500,Median Of Three,307.98,671.99,308.07,672.07,0.120415945787931
1134,Closest Pair,set2,6600,Median Of Three,307.98,671.99,308.07,672.07,0.120415945787931
1135,Closest Pair,set2,6700,Median Of Three,307.98,671.99,308.07,672.07,0.120415945787931
1136,Closest Pair,set2,6800,Median Of Three,307.98,671.99,308.07,672.07,0.120415945787931
1137,Closest Pair,set2,6900,Median Of Three,307.98,671.99,308.07,672.07,0.120415945787931
1138,Closest Pair,set2,7000,Median Of Three,307.98,671.99,308.07,672.07,0.120415945787931
1139,Closest Pair,set2,7100,Median Of Three,307.98,671.99,308.07,672.07,0.120415945787931
1140,Closest Pair,set2,7200,Median Of Three,307.98,671.99,308.07,672.07,0.120415945787931
1141,Closest Pair,set2,7300,Median Of Three,307.98,671.99,308.07,672.07,0.120415945787931
1142,Closest Pair,set2,7400,Median Of Three,307.98,671.99,308.07,672.07,0.120415945787931
1143,Closest Pair,set2,7500,Median Of Three,307.98,671.99,308.07,672.07,0.120415945787931
1144,Closest Pair,set2,7600,Median Of Three,307.98,671.99,308.07,672.07,0.120415945787931
1145,Closest Pair,set2,7700,Median Of Three,307.98,671.99,308.07,672.07,0.120415945787931
1146,Closest Pair,set2,7800,Median Of Three,307.98,671.99,308.07,672.07,0.120415945787931
1147,Closest Pair,set2,7900,Median Of Three,783.86,655.12,783.89,655.2,0.0854400374532041
1148,Closest Pair,set2,8000,Median Of Three,783.86,655.12,783.89,655.2,0.0854400374532041
1149,Closest Pair,set2,8100,Median Of Three,783.86,655.12,783.89,655.2,0.0854400374532041
1150,Closest Pair,set2,8200,Median Of Three,783.86,655.12,783.89,655.2,0.0854400374532041
1151,Closest Pair,set2,8300,Median Of Three,783.86,655.12,783.89,655.2,0.0854400374532041
1152,Closest Pair,set2,8400,Median Of Three,783.86,655.12,783.89,655.2,0.0854400374532041
1153,Closest Pair,set2,8500,Median Of Three,783.86,655.12,783.89,655.2,0.0854400374532041
1154,Closest Pair,set2,8600,Median Of Three,783.86,655.12,783.89,655.2,0.0854400374532041
1155,Closest Pair,set2,8700,Median Of Three,783.86,655.12,783.89,655.2,0.0854400374532041
1156,Closest Pair,set2,8800,Median Of Three,783.86,655.12,783.89,655.2,0.0854400374532041
1157,Closest Pair,set2,8900,Median Of Three,783.86,655.12,783.89,655.2,0.0854400374532041
1158,Closest Pair,set2,9000,Median Of Three,783.86,655.12,783.89,655.2,0.0854400374532041
1159,Closest Pair,set2,9100,Median Of Three,783.86,655.12,783.89,655.2,0.0854400374532041
1160,Closest Pair,set2,9200,Median Of Three,783.86,655.12,783.89,655.2,0.0854400374532041
1161,Closest Pair,set2,9300,Median Of Three,783.86,655.12,783.89,655.2,0.0854400374532041
1162,Closest Pair,set2,9400,Median Of Three,783.86,655.12,783.89,655.2,0.0854400374532041
1163,Closest Pair,set2,9500,Median Of Three,783.86,655.12,783.89,655.2,0.0854400374532041
1164,Closest Pair,set2,9600,Median Of Three,783.86,655.12,783.89,655.2,0.0854400374532041
1165,Closest Pair,set2,9700,Median Of Three,783.86,655.12,783.89,655.2,0.0854400374532041
1166,Closest Pair,set2,9800,Median Of Three,783.86,655.12,783.89,655.2,0.0854400374532041
1167,Closest Pair,set2,9900,Median Of Three,783.86,655.12,783.89,655.2,0.0854400374532041
1168,Closest Pair,set2,10000,Median Of Three,783.86,655.12,783.89,655.2,0.0854400374532041
1169,Closest Pair,set2,100,Brute Force,5.28,210.15,5.97,211,1.09480591887329
1170,Closest Pair,set2,200,Brute Force,8.62,609.42,8.99,609.16,0.452216762183796
1171,Closest Pair,set2,300,Brute Force,8.62,609.42,8.99,609.16,0.452216762183796
1172,Closest Pair,set2,400,Brute Force,8.62,609.42,8.99,609.16,0.452216762183796
1173,Closest Pair,set2,500,Brute Force,49.32,918.56,49.56,918.45,0.264007575648842
1174,Closest Pair,set2,600,Brute Force,49.32,918.56,49.56,918.45,0.264007575648842
1175,Closest Pair,set2,700,Brute Force,49.32,918.56,49.56,918.45,0.264007575648842
1176,Closest Pair,set2,800,Brute Force,49.32,918.56,49.56,918.45,0.264007575648842
1177,Closest Pair,set2,900,Brute Force,49.32,918.56,49.56,918.45,0.264007575648842
1178,Closest Pair,set2,1000,Brute Force,49.32,918.56,49.56,918.45,0.264007575648842
1179,Closest Pair,set2,1100,Brute Force,49.32,918.56,49.56,918.45,0.264007575648842
1180,Closest Pair,set2,1200,Brute Force,49.32,918.56,49.56,918.45,0.264007575648842
1181,Closest Pair,set2,1300,Brute Force,49.32,918.56,49.56,918.45,0.264007575648842
1182,Closest Pair,set2,1400,Brute Force,49.32,918.56,49.56,918.45,0.264007575648842
1183,Closest Pair,set2,1500,Brute Force,49.32,918.56,49.56,918.45,0.264007575648842
1184,Closest Pair,set2,1600,Brute Force,49.32,918.56,49.56,918.45,0.264007575648842
1185,Closest Pair,set2,1700,Brute Force,49.32,918.56,49.56,918.45,0.264007575648842
1186,Closest Pair,set2,1800,Brute Force,49.32,918.56,49.56,918.45,0.264007575648842
1187,Closest Pair,set2,1900,Brute Force,49.32,918.56,49.56,918.45,0.264007575648842
1188,Closest Pair,set2,2000,Brute Force,49.32,918.56,49.56,918.45,0.264007575648842
1189,Closest Pair,set2,2100,Brute Force,49.32,918.56,49.56,918.45,0.264007575648842
1190,Closest Pair,set2,2200,Brute Force,49.32,918.56,49.56,918.45,0.264007575648842
1191,Closest Pair,set2,2300,Brute Force,49.32,918.56,49.56,918.45,0.264007575648842
1192,Closest Pair,set2,2400,Brute Force,49.32,918.56,49.56,918.45,0.264007575648842
1193,Closest Pair,set2,2500,Brute Force,49.32,918.56,49.56,918.45,0.264007575648842
1194,Closest Pair,set2,2600,Brute Force,49.32,918.56,49.56,918.45,0.264007575648842
1195,Closest Pair,set2,2700,Brute Force,49.32,918.56,49.56,918.45,0.264007575648842
1196,Closest Pair,set2,2800,Brute Force,49.32,918.56,49.56,918.45,0.264007575648842
1197,Closest Pair,set2,2900,Brute Force,49.32,918.56,49.56,918.45,0.264007575648842
1198,Closest Pair,set2,3000,Brute Force,49.32,918.56,49.56,918.45,0.264007575648842
1199,Closest Pair,set2,3100,Brute Force,49.32,918.56,49.56,918.45,0.264007575648842
1200,Closest Pair,set2,3200,Brute Force,307.98,671.99,308.07,672.07,0.120415945787931
1201,Closest Pair,set2,3300,Brute Force,307.98,671.99,308.07,672.07,0.120415945787931
1202,Closest Pair,set2,3400,Brute Force,307.98,671.99,308.07,672.07,0.120415945787931
1203,Closest Pair,set2,3500,Brute Force,307.98,671.99,308.07,672.07,0.120415945787931
1204,Closest Pair,set2,3600,Brute Force,307.98,671.99,308.07,672.07,0.120415945787931
1205,Closest Pair,set2,3700,Brute Force,307.98,671.99,308.07,672.07,0.120415945787931
1206,Closest Pair,set2,3800,Brute Force,307.98,671.99,308.07,672.07,0.120415945787931
1207,Closest Pair,set2,3900,Brute Force,307.98,671.99,308.07,672.07,0.120415945787931
1208,Closest Pair,set2,4000,Brute Force,307.98,671.99,308.07,672.07,0.120415945787931
1209,Closest Pair,set2,4100,Brute Force,307.98,671.99,308.07,672.07,0.120415945787931
1210,Closest Pair,set2,4200,Brute Force,307.98,671.99,308.07,672.07,0.120415945787931
1211,Closest Pair,set2,4300,Brute Force,307.98,671.99,308.07,672.07,0.120415945787931
1212,Closest Pair,set2,4400,Brute Force,307.98,671.99,308.07,672.07,0.120415945787931
1213,Closest Pair,set2,4500,Brute Force,307.98,671.99,308.07,672.07,0.120415945787931
1214,Closest Pair,set2,4600,Brute Force,307.98,671.99,308.07,672.07,0.120415945787931
1215,Closest Pair,set2,4700,Brute Force,307.98,671.99,308.07,672.07,0.120415945787931
1216,Closest Pair,set2,4800,Brute Force,307.98,671.99,308.07,672.07,0.120415945787931
1217,Closest Pair,set2,4900,Brute Force,307.98,671.99,308.07,672.07,0.120415945787931
1218,Closest Pair,set2,5000,Brute Force,307.98,671.99,308.07,672.07,0.120415945787931
1219,Closest Pair,set2,5100,Brute Force,307.98,671.99,308.07,672.07,0.120415945787931
1220,Closest Pair,set2,5200,Brute Force,307.98,671.99,308.07,672.07,0.120415945787931
1221,Closest Pair,set2,5300,Brute Force,307.98,671.99,308.07,672.07,0.120415945787931
1222,Closest Pair,set2,5400,Brute Force,307.98,671.99,308.07,672.07,0.120415945787931
1223,Closest Pair,set2,5500,Brute Force,307.98,671.99,308.07,672.07,0.120415945787931
1224,Closest Pair,set2,5600,Brute Force,307.98,671.99,308.07,672.07,0.120415945787931
1225,Closest Pair,set2,5700,Brute Force,307.98,671.99,308.07,672.07,0.120415945787931
1226,Closest Pair,set2,5800,Brute Force,307.98,671.99,308.07,672.07,0.120415945787931
1227,Closest Pair,set2,5900,Brute Force,307.98,671.99,308.07,672.07,0.120415945787931
1228,Closest Pair,set2,6000,Brute Force,307.98,671.99,308.07,672.07,0.120415945787931
1229,Closest Pair,set2,6100,Brute Force,307.98,671.99,308.07,672.07,0.120415945787931
1230,Closest Pair,set2,6200,Brute Force,307.98,671.99,308.07,672.07,0.120415945787931
1231,Closest Pair,set2,6300,Brute Force,307.98,671.99,308.07,672.07,0.120415945787931
1232,Closest Pair,set2,6400,Brute Force,307.98,671.99,308.07,672.07,0.120415945787931
1233,Closest Pair,set2,6500,Brute Force,307.98,671.99,308.07,672.07,0.120415945787931
1234,Closest Pair,set2,6600,Brute Force,307.98,671.99,308.07,672.07,0.120415945787931
1235,Closest Pair,set2,6700,Brute Force,307.98,671.99,308.07,672.07,0.120415945787931
1236,Closest Pair,set2,6800,Brute Force,307.98,671.99,308.07,672.07,0.120415945787931
1237,Closest Pair,set2,6900,Brute Force,307.98,671.99,308.07,672.07,0.120415945787931
1238,Closest Pair,set2,7000,Brute Force,307.98,671.99,308.07,672.07,0.120415945787931
1239,Closest Pair,set2,7100,Brute Force,307.98,671.99,308.07,672.07,0.120415945787931
1240,Closest Pair,set2,7200,Brute Force,307.98,671.99,308.07,672.07,0.120415945787931
1241,Closest Pair,set2,7300,Brute Force,307.98,671.99,308.07,672.07,0.120415945787931
1242,Closest Pair,set2,7400,Brute Force,307.98,671.99,308.07,672.07,0.120415945787931
1243,Closest Pair,set2,7500,Brute Force,307.98,671.99,308.07,672.07,0.120415945787931
1244,Closest Pair,set2,7600,Brute Force,307.98,671.99,308.07,672.07,0.120415945787931
1245,Closest Pair,set2,7700,Brute Force,307.98,671.99,308.07,672.07,0.120415945787931
1246,Closest Pair,set2,7800,Brute Force,307.98,671.99,308.07,672.07,0.120415945787931
1247,Closest Pair,set2,7900,Brute Force,783.86,655.12,783.89,655.2,0.0854400374532041
1248,Closest Pair,set2,8000,Brute Force,783.86,655.12,783.89,655.2,0.0854400374532041
1249,Closest Pair,set2,8100,Brute Force,783.86,655.12,783.89,655.2,0.0854400374532041
1250,Closest Pair,set2,8200,Brute Force,783.86,655.12,783.89,655.2,0.0854400374532041
1251,Closest Pair,set2,8300,Brute Force,783.86,655.12,783.89,655.2,0.0854400374532041
1252,Closest Pair,set2,8400,Brute Force,783.86,655.12,783.89,655.2,0.0854400374532041
1253,Closest Pair,set2,8500,Brute Force,783.86,655.12,783.89,655.2,0.0854400374532041
1254,Closest Pair,set2,8600,Brute Force,783.86,655.12,783.89,655.2,0.0854400374532041
1255,Closest Pair,set2,8700,Brute Force,783.86,655.12,783.89,655.2,0.0854400374532041
1256,Closest Pair,set2,8800,Brute Force,783.86,655.12,783.89,655.2,0.0854400374532041
1257,Closest Pair,set2,8900,Brute Force,783.86,655.12,783.89,655.2,0.0854400374532041
1258,Closest Pair,set2,9000,Brute Force,783.86,655.12,783.89,655.2,0.0854400374532041
1259,Closest Pair,set2,9100,Brute Force,783.86,655.12,783.89,655.2,0.0854400374532041
1260,Closest Pair,set2,9200,Brute Force,783.86,655.12,783.89,655.2,0.0854400374532041
1261,Closest Pair,set2,9300,Brute Force,783.86,655.12,783.89,655.2,0.0854400374532041
1262,Closest Pair,set2,9400,Brute Force,783.86,655.12,783.89,655.2,0.0854400374532041
1263,Closest Pair,set2,9500,Brute Force,783.86,655.12,783.89,655.2,0.0854400374532041
1264,Closest Pair,set2,9600,Brute Force,783.86,655.12,783.89,655.2,0.0854400374532041
1265,Closest Pair,set2,9700,Brute Force,783.86,655.12,783.89,655.2,0.0854400374532041
1266,Closest Pair,set2,9800,Brute Force,783.86,655.12,783.89,655.2,0.0854400374532041
1267,Closest Pair,set2,9900,Brute Force,783.86,655.12,783.89,655.2,0.0854400374532041
1268,Closest Pair,set2,10000,Brute Force,783.86,655.12,783.89,655.2,0.0854400374532041
