128,First,Testset,1,0,1,-1
129,First,Testset,2,0,1,-1
130,First,Testset,3,0,1,-1
131,First,Testset,3,0,2,8
132,First,Testset,3,0,3,8
133,First,Testset,3,1,2,-1
134,First,Testset,3,1,3,7
135,First,Testset,3,2,3,-1
136,First,Testset,8,0,1,-1
137,First,Testset,8,0,2,8
138,First,Testset,8,0,3,8
139,First,Testset,8,0,4,8
140,First,Testset,8,1,2,-1
141,First,Testset,8,1,3,7
142,First,Testset,8,1,4,7
143,First,Testset,8,0,8,8
144,First,Testset,8,0,7,8
145,First,Testset,8,1,8,7
146,First,Testset,8,1,7,7
147,First,Testset,8,2,7,4
148,First,Testset,8,2,8,4
149,First,Testset,8,3,6,3
150,First,Testset,8,3,7,3
151,First,Testset,8,3,8,3
152,First,Testset,8,4,8,3
153,First,Testset,8,5,8,5
154,First,Testset,8,6,8,2
155,First,Testset,8,7,8,-1
