100,Random,Testset,1,0,1
101,Random,Testset,2,0,1
102,Random,Testset,3,0,1
103,Random,Testset,3,0,2
104,Random,Testset,3,0,3
105,Random,Testset,3,1,2
106,Random,Testset,3,1,3
107,Random,Testset,3,2,3
108,Random,Testset,8,0,1
109,Random,Testset,8,0,2
110,Random,Testset,8,0,3
111,Random,Testset,8,0,4
112,Random,Testset,8,1,2
113,Random,Testset,8,1,3
114,Random,Testset,8,1,4
115,Random,Testset,8,0,8
116,Random,Testset,8,0,7
117,Random,Testset,8,1,8
118,Random,Testset,8,1,7
119,Random,Testset,8,2,7
120,Random,Testset,8,2,8
121,Random,Testset,8,3,6
122,Random,Testset,8,3,7
123,Random,Testset,8,3,8
124,Random,Testset,8,4,8
125,Random,Testset,8,5,8
126,Random,Testset,8,6,8
127,Random,Testset,8,7,8
